Workbook

Sheet خطة العمل
A1: خطة المرحلة الأولى للاعتماد البرامجي: جمع الأدلة وتحديد الفجوات
A2: البرامج: بكالوريوس علوم الحاسب • بكالوريوس علوم البيانات • ماجستير علوم البيانات | المدة: 8 أسابيع | يبدأ الأسبوع 1 يوم الأحد 25 أكتوبر 2026
A4: الأسبوع | B4: المسار | C4: المهمة | D4: المسؤول | E4: المخرج | F4: الحالة | G4: ملاحظات
A5: الأسبوع 1 | B5: الأعضاء | C5: اجتماع الانطلاق مع اللجنة (الاثنين): شرح المعايير وأوراق الفحص وطريقة التقييم | D5: ='الإعدادات واللجنة'!$B$12 -> د. نهلة بنت سعد القثامي | E5: محضر الاجتماع | F5: لم تبدأ
A6: الأسبوع 1 | B6: الأعضاء | C6: عرض المقترح الخاص بمراجعة الرسالة والأهداف، وتحديد طريقة التنفيذ والمسؤول | D6: ='الإعدادات واللجنة'!$B$12 -> د. نهلة بنت سعد القثامي | E6: قرار اللجنة | F6: لم تبدأ
A7: الأسبوع 1 | B7: المتابعة والتنظيم | C7: وضع نظام ترميز الأدلة وتسميتها وهيكل مجلدات المستودع | D7: ='الإعدادات واللجنة'!$B$18 -> د. عبدالله بن محمد البركاتي | E7: دليل الترميز | F7: لم تبدأ
A8: الأسبوع 1 | B8: المتابعة والتنظيم | C8: إنشاء المستودع والملف المشترك وصلاحيات الأعضاء | D8: ='الإعدادات واللجنة'!$B$12 -> د. نهلة بنت سعد القثامي | E8: مستودع وملف مشترك جاهزان | F8: لم تبدأ
A9: الأسبوع 1 – 2 | B9: متطلبات الجودة | C9: اعتماد الأدلة المقترحة لمعيار البحث والمشاريع (6) في الماجستير | D9: ='الإعدادات واللجنة'!$B$13 -> د. عبير بنت عبدالله راجحي | E9: أدلة المعيار 6 معتمدة | F9: لم تبدأ
A10: الأسبوع 1 – 7 | B10: متطلبات الجودة | C10: متابعة متطلبات التقدم مع لجنة الجودة (انظر ورقة متطلبات التقدم للاعتماد) | D10: ='الإعدادات واللجنة'!$B$13 -> د. عبير بنت عبدالله راجحي | E10: حالة المتطلبات في الأسبوعين 4 و7 | F10: لم تبدأ
A11: الأسبوع 2 – 3 | B11: الأعضاء | C11: جمع الأدلة وتعبئة "حالة الدليل" و"سبب النقص" ورفع الأدلة بالترميز المعتمد | D11: كل عضو في معياره | E11: أوراق الفحص | F11: لم تبدأ
A12: الأسبوع 2 – 3 | B12: الأعضاء | C12: مراجعة الرسالة والأهداف حسب قرار اللجنة | D12: حسب قرار اللجنة | E12: أدلة المحك 1-1-1 | F12: لم تبدأ
A13: الأسبوع 2 – 6 | B13: المتابعة والتنظيم | C13: مراجعة أسبوعية لما رُفع من أدلة، ورسالة الخميس للجنة | D13: ='الإعدادات واللجنة'!$B$14 -> أ. فاطمة بنت سلمان الخزعل | E13: عمود المراجعة + رسالة أسبوعية | F13: لم تبدأ
A14: الأسبوع 4 | B14: الإدارة | C14: اجتماع منتصف الخطة: مراجعة لوحة المتابعة والعوائق، وعرض د. عبير لحالة متطلبات التقدم | D14: ='الإعدادات واللجنة'!$B$12 -> د. نهلة بنت سعد القثامي | E14: محضر | F14: لم تبدأ
A15: الأسبوع 4 – 5 | B15: الأعضاء | C15: استكمال جمع الأدلة وتقييم جودتها | D15: كل عضو في معياره | E15: أوراق الفحص | F15: لم تبدأ
A16: الأسبوع 6 | B16: الأعضاء | C16: إغلاق جمع الأدلة | D16: كل عضو في معياره | E16: كل الأدلة مُقيّمة | F16: لم تبدأ
A17: الأسبوع 6 | B17: الإدارة | C17: مراجعة كفاية أدلة المحكات الأساسية (14 للبكالوريوس و16 للماجستير) | D17: ='الإعدادات واللجنة'!$B$12 -> د. نهلة بنت سعد القثامي | E17: ملاحظات الرئيسة | F17: لم تبدأ
A18: الأسبوع 7 | B18: الأعضاء | C18: كتابة الإجراء المطلوب والموعد لكل دليل ناقص | D18: كل عضو في معياره | E18: خطة استكمال الأدلة | F18: لم تبدأ
A19: الأسبوع 7 | B19: الإدارة | C19: اجتماع مناقشة الفجوات وتمييز المشتركة بين البرامج، وعرض د. عبير لحالة متطلبات التقدم | D19: ='الإعدادات واللجنة'!$B$12 -> د. نهلة بنت سعد القثامي | E19: محضر | F19: لم تبدأ
A20: الأسبوع 7 | B20: المتابعة والتنظيم | C20: فهرس الأدلة النهائي لكل برنامج | D20: ='الإعدادات واللجنة'!$B$18 -> د. عبدالله بن محمد البركاتي | E20: 3 فهارس | F20: لم تبدأ
A21: الأسبوع 8 | B21: الإدارة | C21: إعداد تقرير الجاهزية لكل برنامج من لوحة المتابعة | D21: ='الإعدادات واللجنة'!$B$12&" + "&'الإعدادات واللجنة'!$B$14&" + "&'الإعدادات واللجنة'!$B$13 -> د. نهلة بنت سعد القثامي + أ. فاطمة بنت سلمان الخزعل + د. عبير بنت عبدالله راجحي | E21: 3 تقارير | F21: لم تبدأ
A22: الأسبوع 8 | B22: الإدارة | C22: اجتماع مع إدارة الكلية: عرض الجاهزية والفجوات وخطة المعالجة والقرارات المطلوبة | D22: ='الإعدادات واللجنة'!$B$12 -> د. نهلة بنت سعد القثامي | E22: قرار اعتماد خطة المعالجة | F22: لم تبدأ
A24: المتابعة (بدون اجتماع أسبوعي)
A25: • ملف مشترك (OneDrive / Google Drive): يعبّئ كل عضو ورقته مباشرة، ولوحة المتابعة تتحدث تلقائياً.
A26: • رسالة الخميس: ترسل أمينة اللجنة 3 أسطر في قروب اللجنة: نسبة الإنجاز لكل برنامج، ومن تأخر، وما يحتاج قراراً.
A27: • 3 اجتماعات للجنة عند المحطات: الانطلاق (الأسبوع 1)، ومنتصف الخطة (الأسبوع 4)، ومناقشة الفجوات (الأسبوع 7).
A29: طريقة تقييم الدليل
A30: • حالة الدليل: متوفر ومكتمل • متوفر ويحتاج تحسين • غير متوفر.
A31: • سبب النقص: غير معتمد • غير محدّث • لا يغطي المحك كاملاً • لا يثبت التطبيق الفعلي • لا توجد نتائج وتحسين.
A32: • الدليل "المكتمل": معتمد، ومحدّث، ويغطي المحك كاملاً، ويثبت التطبيق الفعلي، وفيه نتائج وتحسين.
A33: • الأولوية تلقائية: عالية إذا كان الدليل غير متوفر أو المحك أساسياً، ومتوسطة لبقية الناقص.
A34: • معالجة الفجوة تُكتب في سطر الدليل نفسه (الإجراء والموعد)، ولعرض الفجوات يُستخدم فلتر "حالة الدليل".
A35: • المراجعة: أمينة اللجنة تراجع كل الأدلة (الوجود، الرابط، الاعتماد والتاريخ، الترميز، المطابقة)، والرئيسة تراجع كفاية أدلة المحكات الأساسية.
A36: • الفترة الزمنية للأدلة: التقارير السنوية لآخر سنتين، ومؤشرات الأداء لآخر 3 سنوات.
... A44: • يُقيَّم وفق معايير الدراسات العليا 2022 (56 محكاً منها 16 أساسياً، ومعيار سادس للبحث والمشاريع). أدلة المحكات المشتركة مأخوذة من دليل البكالوريوس، وأدلة المعيار 6 مقترحة ومعلّمة باللون الأحمر وتعتمدها رئيسة الجودة. ترقيم المحكات موحّد بالترتيب المعتاد (مثل 1-1-2).

Sheet الإعدادات واللجنة
A1: الإعدادات وتشكيل لجنة الاعتماد البرامجي
A2: هذه الصفحة هي المكان الوحيد لتعديل الأسماء: أي تعديل في الخلايا الصفراء يتحدث تلقائياً في الخطة وأوراق الفحص ولوحة المتابعة.
A4: البرامج
A5: البرنامج 1 | B5: بكالوريوس علوم الحاسب
A6: البرنامج 2 | B6: بكالوريوس علوم البيانات
A7: البرنامج 3 | B7: ماجستير علوم البيانات
A8: يبدأ الأسبوع 1 يوم الأحد 25 أكتوبر 2026 – مدة الخطة 8 أسابيع.
A10: أعضاء اللجنة
A11: م | B11: الاسم | C11: الدور | D11: المسؤولية | E11: عدد الأدلة المسندة
A12: 1 | B12: د. نهلة بنت سعد القثامي | C12: رئيسة اللجنة | D12: القيادة والمتابعة، واعتماد المخرجات، ومراجعة كفاية أدلة المعايير الأساسية (14 للبكالوريوس و16 للماجستير)، والتواصل مع إدارة الكلية | E12: =COUNTIF('فحص-حاسب-بكالوريوس'!$H:$H,B12)+COUNTIF('فحص-بيانات-بكالوريوس'!$H:$H,B12)+COUNTIF('فحص-بيانات-ماجستير'!$H:$H,B12) -> 0
A13: 2 | B13: د. عبير بنت عبدالله راجحي | C13: رئيسة الجودة | D13: متطلبات التقدم مع لجنة الجودة (التوصيفات، والتقارير السنوية، والإطار الوطني، ونواتج التعلم، ومؤشرات الأداء) وعرض حالتها في الأسبوعين 4 و7؛ واعتماد الأدلة المقترحة لمعيار البحث في الماجستير | E13: =COUNTIF('فحص-حاسب-بكالوريوس'!$H:$H,B13)+COUNTIF('فحص-بيانات-بكالوريوس'!$H:$H,B13)+COUNTIF('فحص-بيانات-ماجستير'!$H:$H,B13) -> 0
A14: 3 | B14: أ. فاطمة بنت سلمان الخزعل | C14: أمينة اللجنة والمراجِعة | D14: مراجعة جميع الأدلة أسبوعياً (الوجود، الرابط، الاعتماد والتاريخ، الترميز، المطابقة للمحك)، ولوحة المتابعة، ورسالة الخميس، والمحاضر | E14: =COUNTIF('فحص-حاسب-بكالوريوس'!$H:$H,B14)+COUNTIF('فحص-بيانات-بكالوريوس'!$H:$H,B14)+COUNTIF('فحص-بيانات-ماجستير'!$H:$H,B14) -> 0
A15: 4 | B15: د. سلطان بن سعيد الشمراني | C15: عضو | D15: المعيار 1: إدارة البرنامج (1-1) للبرامج الثلاثة | E15: =COUNTIF('فحص-حاسب-بكالوريوس'!$H:$H,B15)+COUNTIF('فحص-بيانات-بكالوريوس'!$H:$H,B15)+COUNTIF('فحص-بيانات-ماجستير'!$H:$H,B15) -> 117
A16: 5 | B16: د. احمد بن عوض البشري | C16: عضو | D16: المعيار 2: نواتج التعلم والمنهج الدراسي (2-1، 2-2) للبرامج الثلاثة | E16: =COUNTIF('فحص-حاسب-بكالوريوس'!$H:$H,B16)+COUNTIF('فحص-بيانات-بكالوريوس'!$H:$H,B16)+COUNTIF('فحص-بيانات-ماجستير'!$H:$H,B16) -> 141
A17: 6 | B17: د. يثرب بنت سعد القحطاني | C17: عضو | D17: المعيار 2: جودة التدريس وتقييم الطالب (2-3) للبرامج الثلاثة | E17: =COUNTIF('فحص-حاسب-بكالوريوس'!$H:$H,B17)+COUNTIF('فحص-بيانات-بكالوريوس'!$H:$H,B17)+COUNTIF('فحص-بيانات-ماجستير'!$H:$H,B17) -> 77
A18: 7 | B18: د. عبدالله بن محمد البركاتي | C18: عضو + مسؤول الفهرسة | D18: المعيار 3: الطالب للبرامج الثلاثة، ونظام ترميز الأدلة وفهرستها وفهرس الأدلة النهائي | E18: =COUNTIF('فحص-حاسب-بكالوريوس'!$H:$H,B18)+COUNTIF('فحص-بيانات-بكالوريوس'!$H:$H,B18)+COUNTIF('فحص-بيانات-ماجستير'!$H:$H,B18) -> 92
A19: 8 | B19: د. عمر بن محمد موسى | C19: عضو | D19: المعيار 4: هيئة التدريس للبرامج الثلاثة، والمعيار 6: البحث والمشاريع للماجستير | E19: =COUNTIF('فحص-حاسب-بكالوريوس'!$H:$H,B19)+COUNTIF('فحص-بيانات-بكالوريوس'!$H:$H,B19)+COUNTIF('فحص-بيانات-ماجستير'!$H:$H,B19) -> 111
A20: 9 | B20: د. حسن بن سعد القحطاني | C20: عضو | D20: المعيار 5: مصادر التعلم والمرافق، ومحور ضمان الجودة (1-2) للبرامج الثلاثة | E20: =COUNTIF('فحص-حاسب-بكالوريوس'!$H:$H,B20)+COUNTIF('فحص-بيانات-بكالوريوس'!$H:$H,B20)+COUNTIF('فحص-بيانات-ماجستير'!$H:$H,B20) -> 96
A22: توزيع المحاور (المسؤول عن المحور للبرامج الثلاثة) – يمكن تغيير المسؤول من القائمة المنسدلة
A23: الرمز | B23: المحور | C23: المسؤول | D23: عدد المحكات (البرامج الثلاثة) | E23: عدد الأدلة (البرامج الثلاثة)
A24: 1-1 | B24: إدارة البرنامج | C24: ='الإعدادات واللجنة'!$B$15 -> د. سلطان بن سعيد الشمراني | D24: =COUNTIFS('فحص-حاسب-بكالوريوس'!$A:$A,A24&"-*",'فحص-حاسب-بكالوريوس'!$C:$C,"<>")+COUNTIFS('فحص-بيانات-بكالوريوس'!$A:$A,A24&"-*",'فحص-بيانات-بكالوريوس'!$C:$C,"<>")+COUNTIFS('فحص-بيانات-ماجستير'!$A:$A,A24&"-*",'فحص-بيانات-ماجستير'!$C:$C,"<>") -> 27 | E24: =COUNTIF('فحص-حاسب-بكالوريوس'!$A:$A,A24&"-*")+COUNTIF('فحص-بيانات-بكالوريوس'!$A:$A,A24&"-*")+COUNTIF('فحص-بيانات-ماجستير'!$A:$A,A24&"-*") -> 117
A25: 1-2 | B25: ضمان جودة البرنامج | C25: ='الإعدادات واللجنة'!$B$20 -> د. حسن بن سعد القحطاني | D25: =COUNTIFS('فحص-حاسب-بكالوريوس'!$A:$A,A25&"-*",'فحص-حاسب-بكالوريوس'!$C:$C,"<>")+COUNTIFS('فحص-بيانات-بكالوريوس'!$A:$A,A25&"-*",'فحص-بيانات-بكالوريوس'!$C:$C,"<>")+COUNTIFS('فحص-بيانات-ماجستير'!$A:$A,A25&"-*",'فحص-بيانات-ماجستير'!$C:$C,"<>") -> 9 | E25: =COUNTIF('فحص-حاسب-بكالوريوس'!$A:$A,A25&"-*")+COUNTIF('فحص-بيانات-بكالوريوس'!$A:$A,A25&"-*")+COUNTIF('فحص-بيانات-ماجستير'!$A:$A,A25&"-*") -> 39
A26: 2-1 | B26: نواتج التعلم | C26: ='الإعدادات واللجنة'!$B$16 -> د. احمد بن عوض البشري | D26: =COUNTIFS('فحص-حاسب-بكالوريوس'!$A:$A,A26&"-*",'فحص-حاسب-بكالوريوس'!$C:$C,"<>")+COUNTIFS('فحص-بيانات-بكالوريوس'!$A:$A,A26&"-*",'فحص-بيانات-بكالوريوس'!$C:$C,"<>")+COUNTIFS('فحص-بيانات-ماجستير'!$A:$A,A26&"-*",'فحص-بيانات-ماجستير'!$C:$C,"<>") -> 15 | E26: =COUNTIF('فحص-حاسب-بكالوريوس'!$A:$A,A26&"-*")+COUNTIF('فحص-بيانات-بكالوريوس'!$A:$A,A26&"-*")+COUNTIF('فحص-بيانات-ماجستير'!$A:$A,A26&"-*") -> 75
A27: 2-2 | B27: المنهج الدراسي | C27: ='الإعدادات واللجنة'!$B$16 -> د. احمد بن عوض البشري | D27: =COUNTIFS('فحص-حاسب-بكالوريوس'!$A:$A,A27&"-*",'فحص-حاسب-بكالوريوس'!$C:$C,"<>")+COUNTIFS('فحص-بيانات-بكالوريوس'!$A:$A,A27&"-*",'فحص-بيانات-بكالوريوس'!$C:$C,"<>")+COUNTIFS('فحص-بيانات-ماجستير'!$A:$A,A27&"-*",'فحص-بيانات-ماجستير'!$C:$C,"<>") -> 18 | E27: =COUNTIF('فحص-حاسب-بكالوريوس'!$A:$A,A27&"-*")+COUNTIF('فحص-بيانات-بكالوريوس'!$A:$A,A27&"-*")+COUNTIF('فحص-بيانات-ماجستير'!$A:$A,A27&"-*") -> 66
A28: 2-3 | B28: جودة التدريس وتقييم الطالب | C28: ='الإعدادات واللجنة'!$B$17 -> د. يثرب بنت سعد القحطاني | D28: =COUNTIFS('فحص-حاسب-بكالوريوس'!$A:$A,A28&"-*",'فحص-حاسب-بكالوريوس'!$C:$C,"<>")+COUNTIFS('فحص-بيانات-بكالوريوس'!$A:$A,A28&"-*",'فحص-بيانات-بكالوريوس'!$C:$C,"<>")+COUNTIFS('فحص-بيانات-ماجستير'!$A:$A,A28&"-*",'فحص-بيانات-ماجستير'!$C:$C,"<>") -> 19 | E28: =COUNTIF('فحص-حاسب-بكالوريوس'!$A:$A,A28&"-*")+COUNTIF('فحص-بيانات-بكالوريوس'!$A:$A,A28&"-*")+COUNTIF('فحص-بيانات-ماجستير'!$A:$A,A28&"-*") -> 77
A29: 3-0 | B29: الطالب | C29: ='الإعدادات واللجنة'!$B$18 -> د. عبدالله بن محمد البركاتي | D29: =COUNTIFS('فحص-حاسب-بكالوريوس'!$A:$A,A29&"-*",'فحص-حاسب-بكالوريوس'!$C:$C,"<>")+COUNTIFS('فحص-بيانات-بكالوريوس'!$A:$A,A29&"-*",'فحص-بيانات-بكالوريوس'!$C:$C,"<>")+COUNTIFS('فحص-بيانات-ماجستير'!$A:$A,A29&"-*",'فحص-بيانات-ماجستير'!$C:$C,"<>") -> 20 | E29: =COUNTIF('فحص-حاسب-بكالوريوس'!$A:$A,A29&"-*")+COUNTIF('فحص-بيانات-بكالوريوس'!$A:$A,A29&"-*")+COUNTIF('فحص-بيانات-ماجستير'!$A:$A,A29&"-*") -> 92
A30: 4-0 | B30: هيئة التدريس | C30: ='الإعدادات واللجنة'!$B$19 -> د. عمر بن محمد موسى | D30: =COUNTIFS('فحص-حاسب-بكالوريوس'!$A:$A,A30&"-*",'فحص-حاسب-بكالوريوس'!$C:$C,"<>")+COUNTIFS('فحص-بيانات-بكالوريوس'!$A:$A,A30&"-*",'فحص-بيانات-بكالوريوس'!$C:$C,"<>")+COUNTIFS('فحص-بيانات-ماجستير'!$A:$A,A30&"-*",'فحص-بيانات-ماجستير'!$C:$C,"<>") -> 18 | E30: =COUNTIF('فحص-حاسب-بكالوريوس'!$A:$A,A30&"-*")+COUNTIF('فحص-بيانات-بكالوريوس'!$A:$A,A30&"-*")+COUNTIF('فحص-بيانات-ماجستير'!$A:$A,A30&"-*") -> 78
A31: 5-0 | B31: مصادر التعلم والمرافق والتجهيزات | C31: ='الإعدادات واللجنة'!$B$20 -> د. حسن بن سعد القحطاني | D31: =COUNTIFS('فحص-حاسب-بكالوريوس'!$A:$A,A31&"-*",'فحص-حاسب-بكالوريوس'!$C:$C,"<>")+COUNTIFS('فحص-بيانات-بكالوريوس'!$A:$A,A31&"-*",'فحص-بيانات-بكالوريوس'!$C:$C,"<>")+COUNTIFS('فحص-بيانات-ماجستير'!$A:$A,A31&"-*",'فحص-بيانات-ماجستير'!$C:$C,"<>") -> 15 | E31: =COUNTIF('فحص-حاسب-بكالوريوس'!$A:$A,A31&"-*")+COUNTIF('فحص-بيانات-بكالوريوس'!$A:$A,A31&"-*")+COUNTIF('فحص-بيانات-ماجستير'!$A:$A,A31&"-*") -> 57
A32: 6-0 | B32: البحث والمشاريع (ماجستير فقط) | C32: ='الإعدادات واللجنة'!$B$19 -> د. عمر بن محمد موسى | D32: =COUNTIFS('فحص-حاسب-بكالوريوس'!$A:$A,A32&"-*",'فحص-حاسب-بكالوريوس'!$C:$C,"<>")+COUNTIFS('فحص-بيانات-بكالوريوس'!$A:$A,A32&"-*",'فحص-بيانات-بكالوريوس'!$C:$C,"<>")+COUNTIFS('فحص-بيانات-ماجستير'!$A:$A,A32&"-*",'فحص-بيانات-ماجستير'!$C:$C,"<>") -> 11 | E32: =COUNTIF('فحص-حاسب-بكالوريوس'!$A:$A,A32&"-*")+COUNTIF('فحص-بيانات-بكالوريوس'!$A:$A,A32&"-*")+COUNTIF('فحص-بيانات-ماجستير'!$A:$A,A32&"-*") -> 33

Sheet لوحة المتابعة
A1: لوحة المتابعة (تتحدث تلقائياً)
A2: نسبة الاكتمال = الأدلة المتوفرة والمكتملة ÷ إجمالي الأدلة. تُستخدم هذه الصفحة لرسالة الخميس وتقرير الأسبوع 8.
A4: ='الإعدادات واللجنة'!$B$5 -> بكالوريوس علوم الحاسب
A5: المعيار | B5: عدد الأدلة | C5: مكتمل | D5: يحتاج تحسين | E5: غير متوفر | F5: لم يُقيَّم | G5: نسبة الاكتمال | H5: أولوية عالية | I5: راجعتها أ. فاطمة
A6: 1. إدارة البرنامج وضمان جودته | B6: =COUNTIF('فحص-حاسب-بكالوريوس'!$B$5:$B$208,"1. إدارة البرنامج وضمان جودته") -> 52 | C6: =COUNTIFS('فحص-حاسب-بكالوريوس'!$B$5:$B$208,"1. إدارة البرنامج وضمان جودته",'فحص-حاسب-بكالوريوس'!$I$5:$I$208,"متوفر ومكتمل") -> 0 | D6: =COUNTIFS('فحص-حاسب-بكالوريوس'!$B$5:$B$208,"1. إدارة البرنامج وضمان جودته",'فحص-حاسب-بكالوريوس'!$I$5:$I$208,"متوفر ويحتاج تحسين") -> 0 | E6: =COUNTIFS('فحص-حاسب-بكالوريوس'!$B$5:$B$208,"1. إدارة البرنامج وضمان جودته",'فحص-حاسب-بكالوريوس'!$I$5:$I$208,"غير متوفر") -> 0 | F6: =B6-SUM(C6:E6) -> 52 | G6: =IF(B6=0,0,C6/B6) -> 0 | H6: =COUNTIFS('فحص-حاسب-بكالوريوس'!$B$5:$B$208,"1. إدارة البرنامج وضمان جودته",'فحص-حاسب-بكالوريوس'!$K$5:$K$208,"عالية") -> 0 | I6: =COUNTIFS('فحص-حاسب-بكالوريوس'!$B$5:$B$208,"1. إدارة البرنامج وضمان جودته",'فحص-حاسب-بكالوريوس'!$P$5:$P$208,"<>") -> 0
A7: 2. التعليم والتعلم | B7: =COUNTIF('فحص-حاسب-بكالوريوس'!$B$5:$B$208,"2. التعليم والتعلم") -> 75 | C7: =COUNTIFS('فحص-حاسب-بكالوريوس'!$B$5:$B$208,"2. التعليم والتعلم",'فحص-حاسب-بكالوريوس'!$I$5:$I$208,"متوفر ومكتمل") -> 0 | D7: =COUNTIFS('فحص-حاسب-بكالوريوس'!$B$5:$B$208,"2. التعليم والتعلم",'فحص-حاسب-بكالوريوس'!$I$5:$I$208,"متوفر ويحتاج تحسين") -> 0 | E7: =COUNTIFS('فحص-حاسب-بكالوريوس'!$B$5:$B$208,"2. التعليم والتعلم",'فحص-حاسب-بكالوريوس'!$I$5:$I$208,"غير متوفر") -> 0 | F7: =B7-SUM(C7:E7) -> 75 | G7: =IF(B7=0,0,C7/B7) -> 0 | H7: =COUNTIFS('فحص-حاسب-بكالوريوس'!$B$5:$B$208,"2. التعليم والتعلم",'فحص-حاسب-بكالوريوس'!$K$5:$K$208,"عالية") -> 0 | I7: =COUNTIFS('فحص-حاسب-بكالوريوس'!$B$5:$B$208,"2. التعليم والتعلم",'فحص-حاسب-بكالوريوس'!$P$5:$P$208,"<>") -> 0
A8: 3. الطالب | B8: =COUNTIF('فحص-حاسب-بكالوريوس'!$B$5:$B$208,"3. الطالب") -> 32 | C8: =COUNTIFS('فحص-حاسب-بكالوريوس'!$B$5:$B$208,"3. الطالب",'فحص-حاسب-بكالوريوس'!$I$5:$I$208,"متوفر ومكتمل") -> 0 | D8: =COUNTIFS('فحص-حاسب-بكالوريوس'!$B$5:$B$208,"3. الطالب",'فحص-حاسب-بكالوريوس'!$I$5:$I$208,"متوفر ويحتاج تحسين") -> 0 | E8: =COUNTIFS('فحص-حاسب-بكالوريوس'!$B$5:$B$208,"3. الطالب",'فحص-حاسب-بكالوريوس'!$I$5:$I$208,"غير متوفر") -> 0 | F8: =B8-SUM(C8:E8) -> 32 | G8: =IF(B8=0,0,C8/B8) -> 0 | H8: =COUNTIFS('فحص-حاسب-بكالوريوس'!$B$5:$B$208,"3. الطالب",'فحص-حاسب-بكالوريوس'!$K$5:$K$208,"عالية") -> 0 | I8: =COUNTIFS('فحص-حاسب-بكالوريوس'!$B$5:$B$208,"3. الطالب",'فحص-حاسب-بكالوريوس'!$P$5:$P$208,"<>") -> 0
A9: 4. هيئة التدريس | B9: =COUNTIF('فحص-حاسب-بكالوريوس'!$B$5:$B$208,"4. هيئة التدريس") -> 26 | C9: =COUNTIFS('فحص-حاسب-بكالوريوس'!$B$5:$B$208,"4. هيئة التدريس",'فحص-حاسب-بكالوريوس'!$I$5:$I$208,"متوفر ومكتمل") -> 0 | D9: =COUNTIFS('فحص-حاسب-بكالوريوس'!$B$5:$B$208,"4. هيئة التدريس",'فحص-حاسب-بكالوريوس'!$I$5:$I$208,"متوفر ويحتاج تحسين") -> 0 | E9: =COUNTIFS('فحص-حاسب-بكالوريوس'!$B$5:$B$208,"4. هيئة التدريس",'فحص-حاسب-بكالوريوس'!$I$5:$I$208,"غير متوفر") -> 0 | F9: =B9-SUM(C9:E9) -> 26 | G9: =IF(B9=0,0,C9/B9) -> 0 | H9: =COUNTIFS('فحص-حاسب-بكالوريوس'!$B$5:$B$208,"4. هيئة التدريس",'فحص-حاسب-بكالوريوس'!$K$5:$K$208,"عالية") -> 0 | I9: =COUNTIFS('فحص-حاسب-بكالوريوس'!$B$5:$B$208,"4. هيئة التدريس",'فحص-حاسب-بكالوريوس'!$P$5:$P$208,"<>") -> 0
A10: 5. مصادر التعلم والمرافق والتجهيزات | B10: =COUNTIF('فحص-حاسب-بكالوريوس'!$B$5:$B$208,"5. مصادر التعلم والمرافق والتجهيزات") -> 19 | C10: =COUNTIFS('فحص-حاسب-بكالوريوس'!$B$5:$B$208,"5. مصادر التعلم والمرافق والتجهيزات",'فحص-حاسب-بكالوريوس'!$I$5:$I$208,"متوفر ومكتمل") -> 0 | D10: =COUNTIFS('فحص-حاسب-بكالوريوس'!$B$5:$B$208,"5. مصادر التعلم والمرافق والتجهيزات",'فحص-حاسب-بكالوريوس'!$I$5:$I$208,"متوفر ويحتاج تحسين") -> 0 | E10: =COUNTIFS('فحص-حاسب-بكالوريوس'!$B$5:$B$208,"5. مصادر التعلم والمرافق والتجهيزات",'فحص-حاسب-بكالوريوس'!$I$5:$I$208,"غير متوفر") -> 0 | F10: =B10-SUM(C10:E10) -> 19 | G10: =IF(B10=0,0,C10/B10) -> 0 | H10: =COUNTIFS('فحص-حاسب-بكالوريوس'!$B$5:$B$208,"5. مصادر التعلم والمرافق والتجهيزات",'فحص-حاسب-بكالوريوس'!$K$5:$K$208,"عالية") -> 0 | I10: =COUNTIFS('فحص-حاسب-بكالوريوس'!$B$5:$B$208,"5. مصادر التعلم والمرافق والتجهيزات",'فحص-حاسب-بكالوريوس'!$P$5:$P$208,"<>") -> 0
A11: المحكات الأساسية ★ | B11: =COUNTIF('فحص-حاسب-بكالوريوس'!$D$5:$D$208,"★") -> 63 | C11: =COUNTIFS('فحص-حاسب-بكالوريوس'!$D$5:$D$208,"★",'فحص-حاسب-بكالوريوس'!$I$5:$I$208,"متوفر ومكتمل") -> 0 | D11: =COUNTIFS('فحص-حاسب-بكالوريوس'!$D$5:$D$208,"★",'فحص-حاسب-بكالوريوس'!$I$5:$I$208,"متوفر ويحتاج تحسين") -> 0 | E11: =COUNTIFS('فحص-حاسب-بكالوريوس'!$D$5:$D$208,"★",'فحص-حاسب-بكالوريوس'!$I$5:$I$208,"غير متوفر") -> 0 | F11: =B11-SUM(C11:E11) -> 63 | G11: =IF(B11=0,0,C11/B11) -> 0 | H11: =COUNTIFS('فحص-حاسب-بكالوريوس'!$D$5:$D$208,"★",'فحص-حاسب-بكالوريوس'!$K$5:$K$208,"عالية") -> 0 | I11: =COUNTIFS('فحص-حاسب-بكالوريوس'!$D$5:$D$208,"★",'فحص-حاسب-بكالوريوس'!$P$5:$P$208,"<>") -> 0
A12: الإجمالي | B12: =COUNTIF('فحص-حاسب-بكالوريوس'!$A$5:$A$208,"*") -> 204 | C12: =COUNTIFS('فحص-حاسب-بكالوريوس'!$A$5:$A$208,"*",'فحص-حاسب-بكالوريوس'!$I$5:$I$208,"متوفر ومكتمل") -> 0 | D12: =COUNTIFS('فحص-حاسب-بكالوريوس'!$A$5:$A$208,"*",'فحص-حاسب-بكالوريوس'!$I$5:$I$208,"متوفر ويحتاج تحسين") -> 0 | E12: =COUNTIFS('فحص-حاسب-بكالوريوس'!$A$5:$A$208,"*",'فحص-حاسب-بكالوريوس'!$I$5:$I$208,"غير متوفر") -> 0 | F12: =B12-SUM(C12:E12) -> 204 | G12: =IF(B12=0,0,C12/B12) -> 0 | H12: =COUNTIFS('فحص-حاسب-بكالوريوس'!$A$5:$A$208,"*",'فحص-حاسب-بكالوريوس'!$K$5:$K$208,"عالية") -> 0 | I12: =COUNTIFS('فحص-حاسب-بكالوريوس'!$A$5:$A$208,"*",'فحص-حاسب-بكالوريوس'!$P$5:$P$208,"<>") -> 0
A14: ='الإعدادات واللجنة'!$B$6 -> بكالوريوس علوم البيانات
A15: المعيار | B15: عدد الأدلة | C15: مكتمل | D15: يحتاج تحسين | E15: غير متوفر | F15: لم يُقيَّم | G15: نسبة الاكتمال | H15: أولوية عالية | I15: راجعتها أ. فاطمة
A16: 1. إدارة البرنامج وضمان جودته | B16: =COUNTIF('فحص-بيانات-بكالوريوس'!$B$5:$B$208,"1. إدارة البرنامج وضمان جودته") -> 52 | C16: =COUNTIFS('فحص-بيانات-بكالوريوس'!$B$5:$B$208,"1. إدارة البرنامج وضمان جودته",'فحص-بيانات-بكالوريوس'!$I$5:$I$208,"متوفر ومكتمل") -> 0 | D16: =COUNTIFS('فحص-بيانات-بكالوريوس'!$B$5:$B$208,"1. إدارة البرنامج وضمان جودته",'فحص-بيانات-بكالوريوس'!$I$5:$I$208,"متوفر ويحتاج تحسين") -> 0 | E16: =COUNTIFS('فحص-بيانات-بكالوريوس'!$B$5:$B$208,"1. إدارة البرنامج وضمان جودته",'فحص-بيانات-بكالوريوس'!$I$5:$I$208,"غير متوفر") -> 0 | F16: =B16-SUM(C16:E16) -> 52 | G16: =IF(B16=0,0,C16/B16) -> 0 | H16: =COUNTIFS('فحص-بيانات-بكالوريوس'!$B$5:$B$208,"1. إدارة البرنامج وضمان جودته",'فحص-بيانات-بكالوريوس'!$K$5:$K$208,"عالية") -> 0 | I16: =COUNTIFS('فحص-بيانات-بكالوريوس'!$B$5:$B$208,"1. إدارة البرنامج وضمان جودته",'فحص-بيانات-بكالوريوس'!$P$5:$P$208,"<>") -> 0
A17: 2. التعليم والتعلم | B17: =COUNTIF('فحص-بيانات-بكالوريوس'!$B$5:$B$208,"2. التعليم والتعلم") -> 75 | C17: =COUNTIFS('فحص-بيانات-بكالوريوس'!$B$5:$B$208,"2. التعليم والتعلم",'فحص-بيانات-بكالوريوس'!$I$5:$I$208,"متوفر ومكتمل") -> 0 | D17: =COUNTIFS('فحص-بيانات-بكالوريوس'!$B$5:$B$208,"2. التعليم والتعلم",'فحص-بيانات-بكالوريوس'!$I$5:$I$208,"متوفر ويحتاج تحسين") -> 0 | E17: =COUNTIFS('فحص-بيانات-بكالوريوس'!$B$5:$B$208,"2. التعليم والتعلم",'فحص-بيانات-بكالوريوس'!$I$5:$I$208,"غير متوفر") -> 0 | F17: =B17-SUM(C17:E17) -> 75 | G17: =IF(B17=0,0,C17/B17) -> 0 | H17: =COUNTIFS('فحص-بيانات-بكالوريوس'!$B$5:$B$208,"2. التعليم والتعلم",'فحص-بيانات-بكالوريوس'!$K$5:$K$208,"عالية") -> 0 | I17: =COUNTIFS('فحص-بيانات-بكالوريوس'!$B$5:$B$208,"2. التعليم والتعلم",'فحص-بيانات-بكالوريوس'!$P$5:$P$208,"<>") -> 0
A18: 3. الطالب | B18: =COUNTIF('فحص-بيانات-بكالوريوس'!$B$5:$B$208,"3. الطالب") -> 32 | C18: =COUNTIFS('فحص-بيانات-بكالوريوس'!$B$5:$B$208,"3. الطالب",'فحص-بيانات-بكالوريوس'!$I$5:$I$208,"متوفر ومكتمل") -> 0 | D18: =COUNTIFS('فحص-بيانات-بكالوريوس'!$B$5:$B$208,"3. الطالب",'فحص-بيانات-بكالوريوس'!$I$5:$I$208,"متوفر ويحتاج تحسين") -> 0 | E18: =COUNTIFS('فحص-بيانات-بكالوريوس'!$B$5:$B$208,"3. الطالب",'فحص-بيانات-بكالوريوس'!$I$5:$I$208,"غير متوفر") -> 0 | F18: =B18-SUM(C18:E18) -> 32 | G18: =IF(B18=0,0,C18/B18) -> 0 | H18: =COUNTIFS('فحص-بيانات-بكالوريوس'!$B$5:$B$208,"3. الطالب",'فحص-بيانات-بكالوريوس'!$K$5:$K$208,"عالية") -> 0 | I18: =COUNTIFS('فحص-بيانات-بكالوريوس'!$B$5:$B$208,"3. الطالب",'فحص-بيانات-بكالوريوس'!$P$5:$P$208,"<>") -> 0
A19: 4. هيئة التدريس | B19: =COUNTIF('فحص-بيانات-بكالوريوس'!$B$5:$B$208,"4. هيئة التدريس") -> 26 | C19: =COUNTIFS('فحص-بيانات-بكالوريوس'!$B$5:$B$208,"4. هيئة التدريس",'فحص-بيانات-بكالوريوس'!$I$5:$I$208,"متوفر ومكتمل") -> 0 | D19: =COUNTIFS('فحص-بيانات-بكالوريوس'!$B$5:$B$208,"4. هيئة التدريس",'فحص-بيانات-بكالوريوس'!$I$5:$I$208,"متوفر ويحتاج تحسين") -> 0 | E19: =COUNTIFS('فحص-بيانات-بكالوريوس'!$B$5:$B$208,"4. هيئة التدريس",'فحص-بيانات-بكالوريوس'!$I$5:$I$208,"غير متوفر") -> 0 | F19: =B19-SUM(C19:E19) -> 26 | G19: =IF(B19=0,0,C19/B19) -> 0 | H19: =COUNTIFS('فحص-بيانات-بكالوريوس'!$B$5:$B$208,"4. هيئة التدريس",'فحص-بيانات-بكالوريوس'!$K$5:$K$208,"عالية") -> 0 | I19: =COUNTIFS('فحص-بيانات-بكالوريوس'!$B$5:$B$208,"4. هيئة التدريس",'فحص-بيانات-بكالوريوس'!$P$5:$P$208,"<>") -> 0
A20: 5. مصادر التعلم والمرافق والتجهيزات | B20: =COUNTIF('فحص-بيانات-بكالوريوس'!$B$5:$B$208,"5. مصادر التعلم والمرافق والتجهيزات") -> 19 | C20: =COUNTIFS('فحص-بيانات-بكالوريوس'!$B$5:$B$208,"5. مصادر التعلم والمرافق والتجهيزات",'فحص-بيانات-بكالوريوس'!$I$5:$I$208,"متوفر ومكتمل") -> 0 | D20: =COUNTIFS('فحص-بيانات-بكالوريوس'!$B$5:$B$208,"5. مصادر التعلم والمرافق والتجهيزات",'فحص-بيانات-بكالوريوس'!$I$5:$I$208,"متوفر ويحتاج تحسين") -> 0 | E20: =COUNTIFS('فحص-بيانات-بكالوريوس'!$B$5:$B$208,"5. مصادر التعلم والمرافق والتجهيزات",'فحص-بيانات-بكالوريوس'!$I$5:$I$208,"غير متوفر") -> 0 | F20: =B20-SUM(C20:E20) -> 19 | G20: =IF(B20=0,0,C20/B20) -> 0 | H20: =COUNTIFS('فحص-بيانات-بكالوريوس'!$B$5:$B$208,"5. مصادر التعلم والمرافق والتجهيزات",'فحص-بيانات-بكالوريوس'!$K$5:$K$208,"عالية") -> 0 | I20: =COUNTIFS('فحص-بيانات-بكالوريوس'!$B$5:$B$208,"5. مصادر التعلم والمرافق والتجهيزات",'فحص-بيانات-بكالوريوس'!$P$5:$P$208,"<>") -> 0
A21: المحكات الأساسية ★ | B21: =COUNTIF('فحص-بيانات-بكالوريوس'!$D$5:$D$208,"★") -> 63 | C21: =COUNTIFS('فحص-بيانات-بكالوريوس'!$D$5:$D$208,"★",'فحص-بيانات-بكالوريوس'!$I$5:$I$208,"متوفر ومكتمل") -> 0 | D21: =COUNTIFS('فحص-بيانات-بكالوريوس'!$D$5:$D$208,"★",'فحص-بيانات-بكالوريوس'!$I$5:$I$208,"متوفر ويحتاج تحسين") -> 0 | E21: =COUNTIFS('فحص-بيانات-بكالوريوس'!$D$5:$D$208,"★",'فحص-بيانات-بكالوريوس'!$I$5:$I$208,"غير متوفر") -> 0 | F21: =B21-SUM(C21:E21) -> 63 | G21: =IF(B21=0,0,C21/B21) -> 0 | H21: =COUNTIFS('فحص-بيانات-بكالوريوس'!$D$5:$D$208,"★",'فحص-بيانات-بكالوريوس'!$K$5:$K$208,"عالية") -> 0 | I21: =COUNTIFS('فحص-بيانات-بكالوريوس'!$D$5:$D$208,"★",'فحص-بيانات-بكالوريوس'!$P$5:$P$208,"<>") -> 0
A22: الإجمالي | B22: =COUNTIF('فحص-بيانات-بكالوريوس'!$A$5:$A$208,"*") -> 204 | C22: =COUNTIFS('فحص-بيانات-بكالوريوس'!$A$5:$A$208,"*",'فحص-بيانات-بكالوريوس'!$I$5:$I$208,"متوفر ومكتمل") -> 0 | D22: =COUNTIFS('فحص-بيانات-بكالوريوس'!$A$5:$A$208,"*",'فحص-بيانات-بكالوريوس'!$I$5:$I$208,"متوفر ويحتاج تحسين") -> 0 | E22: =COUNTIFS('فحص-بيانات-بكالوريوس'!$A$5:$A$208,"*",'فحص-بيانات-بكالوريوس'!$I$5:$I$208,"غير متوفر") -> 0 | F22: =B22-SUM(C22:E22) -> 204 | G22: =IF(B22=0,0,C22/B22) -> 0 | H22: =COUNTIFS('فحص-بيانات-بكالوريوس'!$A$5:$A$208,"*",'فحص-بيانات-بكالوريوس'!$K$5:$K$208,"عالية") -> 0 | I22: =COUNTIFS('فحص-بيانات-بكالوريوس'!$A$5:$A$208,"*",'فحص-بيانات-بكالوريوس'!$P$5:$P$208,"<>") -> 0
A24: ='الإعدادات واللجنة'!$B$7 -> ماجستير علوم البيانات
A25: المعيار | B25: عدد الأدلة | C25: مكتمل | D25: يحتاج تحسين | E25: غير متوفر | F25: لم يُقيَّم | G25: نسبة الاكتمال | H25: أولوية عالية | I25: راجعتها أ. فاطمة
A26: 1. إدارة البرنامج وضمان جودته | B26: =COUNTIF('فحص-بيانات-ماجستير'!$B$5:$B$230,"1. إدارة البرنامج وضمان جودته") -> 52 | C26: =COUNTIFS('فحص-بيانات-ماجستير'!$B$5:$B$230,"1. إدارة البرنامج وضمان جودته",'فحص-بيانات-ماجستير'!$I$5:$I$230,"متوفر ومكتمل") -> 0 | D26: =COUNTIFS('فحص-بيانات-ماجستير'!$B$5:$B$230,"1. إدارة البرنامج وضمان جودته",'فحص-بيانات-ماجستير'!$I$5:$I$230,"متوفر ويحتاج تحسين") -> 0 | E26: =COUNTIFS('فحص-بيانات-ماجستير'!$B$5:$B$230,"1. إدارة البرنامج وضمان جودته",'فحص-بيانات-ماجستير'!$I$5:$I$230,"غير متوفر") -> 0 | F26: =B26-SUM(C26:E26) -> 52 | G26: =IF(B26=0,0,C26/B26) -> 0 | H26: =COUNTIFS('فحص-بيانات-ماجستير'!$B$5:$B$230,"1. إدارة البرنامج وضمان جودته",'فحص-بيانات-ماجستير'!$K$5:$K$230,"عالية") -> 0 | I26: =COUNTIFS('فحص-بيانات-ماجستير'!$B$5:$B$230,"1. إدارة البرنامج وضمان جودته",'فحص-بيانات-ماجستير'!$P$5:$P$230,"<>") -> 0
A27: 2. التعليم والتعلم | B27: =COUNTIF('فحص-بيانات-ماجستير'!$B$5:$B$230,"2. التعليم والتعلم") -> 68 | C27: =COUNTIFS('فحص-بيانات-ماجستير'!$B$5:$B$230,"2. التعليم والتعلم",'فحص-بيانات-ماجستير'!$I$5:$I$230,"متوفر ومكتمل") -> 0 | D27: =COUNTIFS('فحص-بيانات-ماجستير'!$B$5:$B$230,"2. التعليم والتعلم",'فحص-بيانات-ماجستير'!$I$5:$I$230,"متوفر ويحتاج تحسين") -> 0 | E27: =COUNTIFS('فحص-بيانات-ماجستير'!$B$5:$B$230,"2. التعليم والتعلم",'فحص-بيانات-ماجستير'!$I$5:$I$230,"غير متوفر") -> 0 | F27: =B27-SUM(C27:E27) -> 68 | G27: =IF(B27=0,0,C27/B27) -> 0 | H27: =COUNTIFS('فحص-بيانات-ماجستير'!$B$5:$B$230,"2. التعليم والتعلم",'فحص-بيانات-ماجستير'!$K$5:$K$230,"عالية") -> 0 | I27: =COUNTIFS('فحص-بيانات-ماجستير'!$B$5:$B$230,"2. التعليم والتعلم",'فحص-بيانات-ماجستير'!$P$5:$P$230,"<>") -> 0
A28: 3. الطالب | B28: =COUNTIF('فحص-بيانات-ماجستير'!$B$5:$B$230,"3. الطالب") -> 28 | C28: =COUNTIFS('فحص-بيانات-ماجستير'!$B$5:$B$230,"3. الطالب",'فحص-بيانات-ماجستير'!$I$5:$I$230,"متوفر ومكتمل") -> 0 | D28: =COUNTIFS('فحص-بيانات-ماجستير'!$B$5:$B$230,"3. الطالب",'فحص-بيانات-ماجستير'!$I$5:$I$230,"متوفر ويحتاج تحسين") -> 0 | E28: =COUNTIFS('فحص-بيانات-ماجستير'!$B$5:$B$230,"3. الطالب",'فحص-بيانات-ماجستير'!$I$5:$I$230,"غير متوفر") -> 0 | F28: =B28-SUM(C28:E28) -> 28 | G28: =IF(B28=0,0,C28/B28) -> 0 | H28: =COUNTIFS('فحص-بيانات-ماجستير'!$B$5:$B$230,"3. الطالب",'فحص-بيانات-ماجستير'!$K$5:$K$230,"عالية") -> 0 | I28: =COUNTIFS('فحص-بيانات-ماجستير'!$B$5:$B$230,"3. الطالب",'فحص-بيانات-ماجستير'!$P$5:$P$230,"<>") -> 0
A29: 4. هيئة التدريس | B29: =COUNTIF('فحص-بيانات-ماجستير'!$B$5:$B$230,"4. هيئة التدريس") -> 26 | C29: =COUNTIFS('فحص-بيانات-ماجستير'!$B$5:$B$230,"4. هيئة التدريس",'فحص-بيانات-ماجستير'!$I$5:$I$230,"متوفر ومكتمل") -> 0 | D29: =COUNTIFS('فحص-بيانات-ماجستير'!$B$5:$B$230,"4. هيئة التدريس",'فحص-بيانات-ماجستير'!$I$5:$I$230,"متوفر ويحتاج تحسين") -> 0 | E29: =COUNTIFS('فحص-بيانات-ماجستير'!$B$5:$B$230,"4. هيئة التدريس",'فحص-بيانات-ماجستير'!$I$5:$I$230,"غير متوفر") -> 0 | F29: =B29-SUM(C29:E29) -> 26 | G29: =IF(B29=0,0,C29/B29) -> 0 | H29: =COUNTIFS('فحص-بيانات-ماجستير'!$B$5:$B$230,"4. هيئة التدريس",'فحص-بيانات-ماجستير'!$K$5:$K$230,"عالية") -> 0 | I29: =COUNTIFS('فحص-بيانات-ماجستير'!$B$5:$B$230,"4. هيئة التدريس",'فحص-بيانات-ماجستير'!$P$5:$P$230,"<>") -> 0
A30: 5. مصادر التعلم والمرافق والتجهيزات | B30: =COUNTIF('فحص-بيانات-ماجستير'!$B$5:$B$230,"5. مصادر التعلم والمرافق والتجهيزات") -> 19 | C30: =COUNTIFS('فحص-بيانات-ماجستير'!$B$5:$B$230,"5. مصادر التعلم والمرافق والتجهيزات",'فحص-بيانات-ماجستير'!$I$5:$I$230,"متوفر ومكتمل") -> 0 | D30: =COUNTIFS('فحص-بيانات-ماجستير'!$B$5:$B$230,"5. مصادر التعلم والمرافق والتجهيزات",'فحص-بيانات-ماجستير'!$I$5:$I$230,"متوفر ويحتاج تحسين") -> 0 | E30: =COUNTIFS('فحص-بيانات-ماجستير'!$B$5:$B$230,"5. مصادر التعلم والمرافق والتجهيزات",'فحص-بيانات-ماجستير'!$I$5:$I$230,"غير متوفر") -> 0 | F30: =B30-SUM(C30:E30) -> 19 | G30: =IF(B30=0,0,C30/B30) -> 0 | H30: =COUNTIFS('فحص-بيانات-ماجستير'!$B$5:$B$230,"5. مصادر التعلم والمرافق والتجهيزات",'فحص-بيانات-ماجستير'!$K$5:$K$230,"عالية") -> 0 | I30: =COUNTIFS('فحص-بيانات-ماجستير'!$B$5:$B$230,"5. مصادر التعلم والمرافق والتجهيزات",'فحص-بيانات-ماجستير'!$P$5:$P$230,"<>") -> 0
A31: 6. البحث والمشاريع | B31: =COUNTIF('فحص-بيانات-ماجستير'!$B$5:$B$230,"6. البحث والمشاريع") -> 33 | C31: =COUNTIFS('فحص-بيانات-ماجستير'!$B$5:$B$230,"6. البحث والمشاريع",'فحص-بيانات-ماجستير'!$I$5:$I$230,"متوفر ومكتمل") -> 0 | D31: =COUNTIFS('فحص-بيانات-ماجستير'!$B$5:$B$230,"6. البحث والمشاريع",'فحص-بيانات-ماجستير'!$I$5:$I$230,"متوفر ويحتاج تحسين") -> 0 | E31: =COUNTIFS('فحص-بيانات-ماجستير'!$B$5:$B$230,"6. البحث والمشاريع",'فحص-بيانات-ماجستير'!$I$5:$I$230,"غير متوفر") -> 0 | F31: =B31-SUM(C31:E31) -> 33 | G31: =IF(B31=0,0,C31/B31) -> 0 | H31: =COUNTIFS('فحص-بيانات-ماجستير'!$B$5:$B$230,"6. البحث والمشاريع",'فحص-بيانات-ماجستير'!$K$5:$K$230,"عالية") -> 0 | I31: =COUNTIFS('فحص-بيانات-ماجستير'!$B$5:$B$230,"6. البحث والمشاريع",'فحص-بيانات-ماجستير'!$P$5:$P$230,"<>") -> 0
A32: المحكات الأساسية ★ | B32: =COUNTIF('فحص-بيانات-ماجستير'!$D$5:$D$230,"★") -> 69 | C32: =COUNTIFS('فحص-بيانات-ماجستير'!$D$5:$D$230,"★",'فحص-بيانات-ماجستير'!$I$5:$I$230,"متوفر ومكتمل") -> 0 | D32: =COUNTIFS('فحص-بيانات-ماجستير'!$D$5:$D$230,"★",'فحص-بيانات-ماجستير'!$I$5:$I$230,"متوفر ويحتاج تحسين") -> 0 | E32: =COUNTIFS('فحص-بيانات-ماجستير'!$D$5:$D$230,"★",'فحص-بيانات-ماجستير'!$I$5:$I$230,"غير متوفر") -> 0 | F32: =B32-SUM(C32:E32) -> 69 | G32: =IF(B32=0,0,C32/B32) -> 0 | H32: =COUNTIFS('فحص-بيانات-ماجستير'!$D$5:$D$230,"★",'فحص-بيانات-ماجستير'!$K$5:$K$230,"عالية") -> 0 | I32: =COUNTIFS('فحص-بيانات-ماجستير'!$D$5:$D$230,"★",'فحص-بيانات-ماجستير'!$P$5:$P$230,"<>") -> 0
A33: الإجمالي | B33: =COUNTIF('فحص-بيانات-ماجستير'!$A$5:$A$230,"*") -> 226 | C33: =COUNTIFS('فحص-بيانات-ماجستير'!$A$5:$A$230,"*",'فحص-بيانات-ماجستير'!$I$5:$I$230,"متوفر ومكتمل") -> 0 | D33: =COUNTIFS('فحص-بيانات-ماجستير'!$A$5:$A$230,"*",'فحص-بيانات-ماجستير'!$I$5:$I$230,"متوفر ويحتاج تحسين") -> 0 | E33: =COUNTIFS('فحص-بيانات-ماجستير'!$A$5:$A$230,"*",'فحص-بيانات-ماجستير'!$I$5:$I$230,"غير متوفر") -> 0 | F33: =B33-SUM(C33:E33) -> 226 | G33: =IF(B33=0,0,C33/B33) -> 0 | H33: =COUNTIFS('فحص-بيانات-ماجستير'!$A$5:$A$230,"*",'فحص-بيانات-ماجستير'!$K$5:$K$230,"عالية") -> 0 | I33: =COUNTIFS('فحص-بيانات-ماجستير'!$A$5:$A$230,"*",'فحص-بيانات-ماجستير'!$P$5:$P$230,"<>") -> 0
A35: إنجاز الأعضاء (للبرامج الثلاثة)
A36: الاسم | B36: الأدلة المسندة | C36: تم تقييمها | D36: نسبة الإنجاز | E36: راجعتها أ. فاطمة | F36: تحتاج تعديل
A37: ='الإعدادات واللجنة'!$B$15 -> د. سلطان بن سعيد الشمراني | B37: =COUNTIFS('فحص-حاسب-بكالوريوس'!$H$5:$H$208,'الإعدادات واللجنة'!$B$15)+COUNTIFS('فحص-بيانات-بكالوريوس'!$H$5:$H$208,'الإعدادات واللجنة'!$B$15)+COUNTIFS('فحص-بيانات-ماجستير'!$H$5:$H$230,'الإعدادات واللجنة'!$B$15) -> 117 | C37: =COUNTIFS('فحص-حاسب-بكالوريوس'!$H$5:$H$208,'الإعدادات واللجنة'!$B$15,'فحص-حاسب-بكالوريوس'!$I$5:$I$208,"<>")+COUNTIFS('فحص-بيانات-بكالوريوس'!$H$5:$H$208,'الإعدادات واللجنة'!$B$15,'فحص-بيانات-بكالوريوس'!$I$5:$I$208,"<>")+COUNTIFS('فحص-بيانات-ماجستير'!$H$5:$H$230,'الإعدادات واللجنة'!$B$15,'فحص-بيانات-ماجستير'!$I$5:$I$230,"<>") -> 0 | D37: =IF(B37=0,0,C37/B37) -> 0 | E37: =COUNTIFS('فحص-حاسب-بكالوريوس'!$H$5:$H$208,'الإعدادات واللجنة'!$B$15,'فحص-حاسب-بكالوريوس'!$P$5:$P$208,"<>")+COUNTIFS('فحص-بيانات-بكالوريوس'!$H$5:$H$208,'الإعدادات واللجنة'!$B$15,'فحص-بيانات-بكالوريوس'!$P$5:$P$208,"<>")+COUNTIFS('فحص-بيانات-ماجستير'!$H$5:$H$230,'الإعدادات واللجنة'!$B$15,'فحص-بيانات-ماجستير'!$P$5:$P$230,"<>") -> 0 | F37: =COUNTIFS('فحص-حاسب-بكالوريوس'!$H$5:$H$208,'الإعدادات واللجنة'!$B$15,'فحص-حاسب-بكالوريوس'!$P$5:$P$208,"تحتاج تعديل")+COUNTIFS('فحص-بيانات-بكالوريوس'!$H$5:$H$208,'الإعدادات واللجنة'!$B$15,'فحص-بيانات-بكالوريوس'!$P$5:$P$208,"تحتاج تعديل")+COUNTIFS('فحص-بيانات-ماجستير'!$H$5:$H$230,'الإعدادات واللجنة'!$B$15,'فحص-بيانات-ماجستير'!$P$5:$P$230,"تحتاج تعديل") -> 0
A38: ='الإعدادات واللجنة'!$B$16 -> د. احمد بن عوض البشري | B38: =COUNTIFS('فحص-حاسب-بكالوريوس'!$H$5:$H$208,'الإعدادات واللجنة'!$B$16)+COUNTIFS('فحص-بيانات-بكالوريوس'!$H$5:$H$208,'الإعدادات واللجنة'!$B$16)+COUNTIFS('فحص-بيانات-ماجستير'!$H$5:$H$230,'الإعدادات واللجنة'!$B$16) -> 141 | C38: =COUNTIFS('فحص-حاسب-بكالوريوس'!$H$5:$H$208,'الإعدادات واللجنة'!$B$16,'فحص-حاسب-بكالوريوس'!$I$5:$I$208,"<>")+COUNTIFS('فحص-بيانات-بكالوريوس'!$H$5:$H$208,'الإعدادات واللجنة'!$B$16,'فحص-بيانات-بكالوريوس'!$I$5:$I$208,"<>")+COUNTIFS('فحص-بيانات-ماجستير'!$H$5:$H$230,'الإعدادات واللجنة'!$B$16,'فحص-بيانات-ماجستير'!$I$5:$I$230,"<>") -> 0 | D38: =IF(B38=0,0,C38/B38) -> 0 | E38: =COUNTIFS('فحص-حاسب-بكالوريوس'!$H$5:$H$208,'الإعدادات واللجنة'!$B$16,'فحص-حاسب-بكالوريوس'!$P$5:$P$208,"<>")+COUNTIFS('فحص-بيانات-بكالوريوس'!$H$5:$H$208,'الإعدادات واللجنة'!$B$16,'فحص-بيانات-بكالوريوس'!$P$5:$P$208,"<>")+COUNTIFS('فحص-بيانات-ماجستير'!$H$5:$H$230,'الإعدادات واللجنة'!$B$16,'فحص-بيانات-ماجستير'!$P$5:$P$230,"<>") -> 0 | F38: =COUNTIFS('فحص-حاسب-بكالوريوس'!$H$5:$H$208,'الإعدادات واللجنة'!$B$16,'فحص-حاسب-بكالوريوس'!$P$5:$P$208,"تحتاج تعديل")+COUNTIFS('فحص-بيانات-بكالوريوس'!$H$5:$H$208,'الإعدادات واللجنة'!$B$16,'فحص-بيانات-بكالوريوس'!$P$5:$P$208,"تحتاج تعديل")+COUNTIFS('فحص-بيانات-ماجستير'!$H$5:$H$230,'الإعدادات واللجنة'!$B$16,'فحص-بيانات-ماجستير'!$P$5:$P$230,"تحتاج تعديل") -> 0
A39: ='الإعدادات واللجنة'!$B$17 -> د. يثرب بنت سعد القحطاني | B39: =COUNTIFS('فحص-حاسب-بكالوريوس'!$H$5:$H$208,'الإعدادات واللجنة'!$B$17)+COUNTIFS('فحص-بيانات-بكالوريوس'!$H$5:$H$208,'الإعدادات واللجنة'!$B$17)+COUNTIFS('فحص-بيانات-ماجستير'!$H$5:$H$230,'الإعدادات واللجنة'!$B$17) -> 77 | C39: =COUNTIFS('فحص-حاسب-بكالوريوس'!$H$5:$H$208,'الإعدادات واللجنة'!$B$17,'فحص-حاسب-بكالوريوس'!$I$5:$I$208,"<>")+COUNTIFS('فحص-بيانات-بكالوريوس'!$H$5:$H$208,'الإعدادات واللجنة'!$B$17,'فحص-بيانات-بكالوريوس'!$I$5:$I$208,"<>")+COUNTIFS('فحص-بيانات-ماجستير'!$H$5:$H$230,'الإعدادات واللجنة'!$B$17,'فحص-بيانات-ماجستير'!$I$5:$I$230,"<>") -> 0 | D39: =IF(B39=0,0,C39/B39) -> 0 | E39: =COUNTIFS('فحص-حاسب-بكالوريوس'!$H$5:$H$208,'الإعدادات واللجنة'!$B$17,'فحص-حاسب-بكالوريوس'!$P$5:$P$208,"<>")+COUNTIFS('فحص-بيانات-بكالوريوس'!$H$5:$H$208,'الإعدادات واللجنة'!$B$17,'فحص-بيانات-بكالوريوس'!$P$5:$P$208,"<>")+COUNTIFS('فحص-بيانات-ماجستير'!$H$5:$H$230,'الإعدادات واللجنة'!$B$17,'فحص-بيانات-ماجستير'!$P$5:$P$230,"<>") -> 0 | F39: =COUNTIFS('فحص-حاسب-بكالوريوس'!$H$5:$H$208,'الإعدادات واللجنة'!$B$17,'فحص-حاسب-بكالوريوس'!$P$5:$P$208,"تحتاج تعديل")+COUNTIFS('فحص-بيانات-بكالوريوس'!$H$5:$H$208,'الإعدادات واللجنة'!$B$17,'فحص-بيانات-بكالوريوس'!$P$5:$P$208,"تحتاج تعديل")+COUNTIFS('فحص-بيانات-ماجستير'!$H$5:$H$230,'الإعدادات واللجنة'!$B$17,'فحص-بيانات-ماجستير'!$P$5:$P$230,"تحتاج تعديل") -> 0
A40: ='الإعدادات واللجنة'!$B$18 -> د. عبدالله بن محمد البركاتي | B40: =COUNTIFS('فحص-حاسب-بكالوريوس'!$H$5:$H$208,'الإعدادات واللجنة'!$B$18)+COUNTIFS('فحص-بيانات-بكالوريوس'!$H$5:$H$208,'الإعدادات واللجنة'!$B$18)+COUNTIFS('فحص-بيانات-ماجستير'!$H$5:$H$230,'الإعدادات واللجنة'!$B$18) -> 92 | C40: =COUNTIFS('فحص-حاسب-بكالوريوس'!$H$5:$H$208,'الإعدادات واللجنة'!$B$18,'فحص-حاسب-بكالوريوس'!$I$5:$I$208,"<>")+COUNTIFS('فحص-بيانات-بكالوريوس'!$H$5:$H$208,'الإعدادات واللجنة'!$B$18,'فحص-بيانات-بكالوريوس'!$I$5:$I$208,"<>")+COUNTIFS('فحص-بيانات-ماجستير'!$H$5:$H$230,'الإعدادات واللجنة'!$B$18,'فحص-بيانات-ماجستير'!$I$5:$I$230,"<>") -> 0 | D40: =IF(B40=0,0,C40/B40) -> 0 | E40: =COUNTIFS('فحص-حاسب-بكالوريوس'!$H$5:$H$208,'الإعدادات واللجنة'!$B$18,'فحص-حاسب-بكالوريوس'!$P$5:$P$208,"<>")+COUNTIFS('فحص-بيانات-بكالوريوس'!$H$5:$H$208,'الإعدادات واللجنة'!$B$18,'فحص-بيانات-بكالوريوس'!$P$5:$P$208,"<>")+COUNTIFS('فحص-بيانات-ماجستير'!$H$5:$H$230,'الإعدادات واللجنة'!$B$18,'فحص-بيانات-ماجستير'!$P$5:$P$230,"<>") -> 0 | F40: =COUNTIFS('فحص-حاسب-بكالوريوس'!$H$5:$H$208,'الإعدادات واللجنة'!$B$18,'فحص-حاسب-بكالوريوس'!$P$5:$P$208,"تحتاج تعديل")+COUNTIFS('فحص-بيانات-بكالوريوس'!$H$5:$H$208,'الإعدادات واللجنة'!$B$18,'فحص-بيانات-بكالوريوس'!$P$5:$P$208,"تحتاج تعديل")+COUNTIFS('فحص-بيانات-ماجستير'!$H$5:$H$230,'الإعدادات واللجنة'!$B$18,'فحص-بيانات-ماجستير'!$P$5:$P$230,"تحتاج تعديل") -> 0
A41: ='الإعدادات واللجنة'!$B$19 -> د. عمر بن محمد موسى | B41: =COUNTIFS('فحص-حاسب-بكالوريوس'!$H$5:$H$208,'الإعدادات واللجنة'!$B$19)+COUNTIFS('فحص-بيانات-بكالوريوس'!$H$5:$H$208,'الإعدادات واللجنة'!$B$19)+COUNTIFS('فحص-بيانات-ماجستير'!$H$5:$H$230,'الإعدادات واللجنة'!$B$19) -> 111 | C41: =COUNTIFS('فحص-حاسب-بكالوريوس'!$H$5:$H$208,'الإعدادات واللجنة'!$B$19,'فحص-حاسب-بكالوريوس'!$I$5:$I$208,"<>")+COUNTIFS('فحص-بيانات-بكالوريوس'!$H$5:$H$208,'الإعدادات واللجنة'!$B$19,'فحص-بيانات-بكالوريوس'!$I$5:$I$208,"<>")+COUNTIFS('فحص-بيانات-ماجستير'!$H$5:$H$230,'الإعدادات واللجنة'!$B$19,'فحص-بيانات-ماجستير'!$I$5:$I$230,"<>") -> 0 | D41: =IF(B41=0,0,C41/B41) -> 0 | E41: =COUNTIFS('فحص-حاسب-بكالوريوس'!$H$5:$H$208,'الإعدادات واللجنة'!$B$19,'فحص-حاسب-بكالوريوس'!$P$5:$P$208,"<>")+COUNTIFS('فحص-بيانات-بكالوريوس'!$H$5:$H$208,'الإعدادات واللجنة'!$B$19,'فحص-بيانات-بكالوريوس'!$P$5:$P$208,"<>")+COUNTIFS('فحص-بيانات-ماجستير'!$H$5:$H$230,'الإعدادات واللجنة'!$B$19,'فحص-بيانات-ماجستير'!$P$5:$P$230,"<>") -> 0 | F41: =COUNTIFS('فحص-حاسب-بكالوريوس'!$H$5:$H$208,'الإعدادات واللجنة'!$B$19,'فحص-حاسب-بكالوريوس'!$P$5:$P$208,"تحتاج تعديل")+COUNTIFS('فحص-بيانات-بكالوريوس'!$H$5:$H$208,'الإعدادات واللجنة'!$B$19,'فحص-بيانات-بكالوريوس'!$P$5:$P$208,"تحتاج تعديل")+COUNTIFS('فحص-بيانات-ماجستير'!$H$5:$H$230,'الإعدادات واللجنة'!$B$19,'فحص-بيانات-ماجستير'!$P$5:$P$230,"تحتاج تعديل") -> 0
A42: ='الإعدادات واللجنة'!$B$20 -> د. حسن بن سعد القحطاني | B42: =COUNTIFS('فحص-حاسب-بكالوريوس'!$H$5:$H$208,'الإعدادات واللجنة'!$B$20)+COUNTIFS('فحص-بيانات-بكالوريوس'!$H$5:$H$208,'الإعدادات واللجنة'!$B$20)+COUNTIFS('فحص-بيانات-ماجستير'!$H$5:$H$230,'الإعدادات واللجنة'!$B$20) -> 96 | C42: =COUNTIFS('فحص-حاسب-بكالوريوس'!$H$5:$H$208,'الإعدادات واللجنة'!$B$20,'فحص-حاسب-بكالوريوس'!$I$5:$I$208,"<>")+COUNTIFS('فحص-بيانات-بكالوريوس'!$H$5:$H$208,'الإعدادات واللجنة'!$B$20,'فحص-بيانات-بكالوريوس'!$I$5:$I$208,"<>")+COUNTIFS('فحص-بيانات-ماجستير'!$H$5:$H$230,'الإعدادات واللجنة'!$B$20,'فحص-بيانات-ماجستير'!$I$5:$I$230,"<>") -> 0 | D42: =IF(B42=0,0,C42/B42) -> 0 | E42: =COUNTIFS('فحص-حاسب-بكالوريوس'!$H$5:$H$208,'الإعدادات واللجنة'!$B$20,'فحص-حاسب-بكالوريوس'!$P$5:$P$208,"<>")+COUNTIFS('فحص-بيانات-بكالوريوس'!$H$5:$H$208,'الإعدادات واللجنة'!$B$20,'فحص-بيانات-بكالوريوس'!$P$5:$P$208,"<>")+COUNTIFS('فحص-بيانات-ماجستير'!$H$5:$H$230,'الإعدادات واللجنة'!$B$20,'فحص-بيانات-ماجستير'!$P$5:$P$230,"<>") -> 0 | F42: =COUNTIFS('فحص-حاسب-بكالوريوس'!$H$5:$H$208,'الإعدادات واللجنة'!$B$20,'فحص-حاسب-بكالوريوس'!$P$5:$P$208,"تحتاج تعديل")+COUNTIFS('فحص-بيانات-بكالوريوس'!$H$5:$H$208,'الإعدادات واللجنة'!$B$20,'فحص-بيانات-بكالوريوس'!$P$5:$P$208,"تحتاج تعديل")+COUNTIFS('فحص-بيانات-ماجستير'!$H$5:$H$230,'الإعدادات واللجنة'!$B$20,'فحص-بيانات-ماجستير'!$P$5:$P$230,"تحتاج تعديل") -> 0
A44: أكثر أسباب النقص
A45: سبب النقص | B45: ='الإعدادات واللجنة'!$B$5 -> بكالوريوس علوم الحاسب | C45: ='الإعدادات واللجنة'!$B$6 -> بكالوريوس علوم البيانات | D45: ='الإعدادات واللجنة'!$B$7 -> ماجستير علوم البيانات
A46: غير معتمد | B46: =COUNTIF('فحص-حاسب-بكالوريوس'!$J$5:$J$208,"غير معتمد") -> 0 | C46: =COUNTIF('فحص-بيانات-بكالوريوس'!$J$5:$J$208,"غير معتمد") -> 0 | D46: =COUNTIF('فحص-بيانات-ماجستير'!$J$5:$J$230,"غير معتمد") -> 0
A47: غير محدّث | B47: =COUNTIF('فحص-حاسب-بكالوريوس'!$J$5:$J$208,"غير محدّث") -> 0 | C47: =COUNTIF('فحص-بيانات-بكالوريوس'!$J$5:$J$208,"غير محدّث") -> 0 | D47: =COUNTIF('فحص-بيانات-ماجستير'!$J$5:$J$230,"غير محدّث") -> 0
A48: لا يغطي المحك كاملاً | B48: =COUNTIF('فحص-حاسب-بكالوريوس'!$J$5:$J$208,"لا يغطي المحك كاملاً") -> 0 | C48: =COUNTIF('فحص-بيانات-بكالوريوس'!$J$5:$J$208,"لا يغطي المحك كاملاً") -> 0 | D48: =COUNTIF('فحص-بيانات-ماجستير'!$J$5:$J$230,"لا يغطي المحك كاملاً") -> 0
A49: لا يثبت التطبيق الفعلي | B49: =COUNTIF('فحص-حاسب-بكالوريوس'!$J$5:$J$208,"لا يثبت التطبيق الفعلي") -> 0 | C49: =COUNTIF('فحص-بيانات-بكالوريوس'!$J$5:$J$208,"لا يثبت التطبيق الفعلي") -> 0 | D49: =COUNTIF('فحص-بيانات-ماجستير'!$J$5:$J$230,"لا يثبت التطبيق الفعلي") -> 0
A50: لا توجد نتائج وتحسين | B50: =COUNTIF('فحص-حاسب-بكالوريوس'!$J$5:$J$208,"لا توجد نتائج وتحسين") -> 0 | C50: =COUNTIF('فحص-بيانات-بكالوريوس'!$J$5:$J$208,"لا توجد نتائج وتحسين") -> 0 | D50: =COUNTIF('فحص-بيانات-ماجستير'!$J$5:$J$230,"لا توجد نتائج وتحسين") -> 0

Sheet متطلبات التقدم للاعتماد
A1: متطلبات التقدم للاعتماد البرامجي وأين تُعالج في خطتنا
A2: مرجع للجنة: متطلبات التقدم كما في عرض المركز الوطني للتقويم والاعتماد الأكاديمي (النماذج المعتمدة إصدار 2024)، ومكان معالجة كل بند والمسؤول عنه.
A4: م | B4: المتطلب | C4: المطلوب تحديداً | D4: أين يُعالج | E4: المسؤول | F4: ملاحظة
A5: شرطا الأهلية
A6: 1 | B6: الترخيص | C6: قرار إنشاء البرنامج أو قرار ترخيصه النهائي | D6: محقق – يُجلب القرار | E6: ='الإعدادات واللجنة'!$B$12 -> د. نهلة بنت سعد القثامي | F6: قرار الإنشاء أو الترخيص لكل برنامج من البرامج الثلاثة
A7: 2 | B7: دفعة متخرجة | C7: تخرّج دفعة واحدة على الأقل من البرنامج | D7: محقق | E7: — | F7: تخرّجت دفعات من البرامج الثلاثة
A8: متطلبات التقدم
A9: 3 | B9: الإطار الوطني للمؤهلات (TP-150) | C9: تقرير اتساق البرنامج مع الإطار الوطني | D9: لجنة الجودة | E9: ='الإعدادات واللجنة'!$B$13 -> د. عبير بنت عبدالله راجحي | F9: تُعرض حالته في اجتماعي الأسبوعين 4 و7
A10: 4 | B10: التوصيفات (TP-151، TP-153، TP-155) | C10: توصيف البرنامج وجميع المقررات والخبرة الميدانية (إن وُجدت) وفق نماذج المركز | D10: لجنة الجودة | E10: ='الإعدادات واللجنة'!$B$13 -> د. عبير بنت عبدالله راجحي | F10: تُعرض حالتها في اجتماعي الأسبوعين 4 و7
A11: 5 | B11: التقارير السنوية (TP-152، TP-154، TP-156) | C11: تقرير البرنامج لآخر سنتين وتقارير المقررات والخبرة الميدانية | D11: لجنة الجودة | E11: ='الإعدادات واللجنة'!$B$13 -> د. عبير بنت عبدالله راجحي | F11: تُعرض حالتها في اجتماعي الأسبوعين 4 و7
A12: 6 | B12: نواتج التعلم | C12: خطة تقييم نواتج التعلم وتقاريرها | D12: لجنة الجودة | E12: ='الإعدادات واللجنة'!$B$13 -> د. عبير بنت عبدالله راجحي | F12: تُعرض حالتها في اجتماعي الأسبوعين 4 و7
A13: 7 | B13: مؤشرات الأداء | C13: القياس والمقارنة المرجعية لآخر ثلاث سنوات | D13: لجنة الجودة | E13: ='الإعدادات واللجنة'!$B$13 -> د. عبير بنت عبدالله راجحي | F13: تُعرض حالتها في اجتماعي الأسبوعين 4 و7
A14: 8 | B14: الدراسة الذاتية (TP-102) | C14: مقاييس التقويم الذاتي والتقرير والأدلة الداعمة | D14: المرحلة التالية بعد الخطة | E14: — | F14: تُكتب بعد جمع الأدلة ومعالجة الفجوات
A15: تُستكمل معها
A16: 9 | B16: أدلة البرنامج ولوائحه | C16: أدلة البرنامج وسياساته ولوائحه | D16: داخل المحكات في أوراق الفحص | E16: أعضاء الفحص | F16: مثل 1-1-5 و1-1-7 و1-1-8 و1-1-9 و2-2-1 و3-0-1 و3-0-2 و3-0-3
A17: 10 | B17: نظام ضمان الجودة | C17: نظام جودة البرنامج المنسجم مع النظام المؤسسي | D17: المحك 1-2-1 في أوراق الفحص | E17: ='الإعدادات واللجنة'!$B$20 -> د. حسن بن سعد القحطاني
A18: 11 | B18: اللجنة الاستشارية للبرنامج | C18: قرار تشكيلها ومهامها ومحاضرها | D18: المحك 1-1-6 في أوراق الفحص | E18: ='الإعدادات واللجنة'!$B$15 -> د. سلطان بن سعيد الشمراني
A19: 12 | B19: الوضع المؤسسي | C19: المؤسسة معتمدة أو مؤهلة مؤسسياً | D19: محقق | E19: — | F19: الجامعة حاصلة على الاعتماد المؤسسي الكامل

Sheet مراجعة الرسالة (مقترح)
A1: نموذج مقترح: مراجعة رسالة البرنامج وأهدافه (للنقاش في اللجنة)
A2: لا يوجد نموذج مستقل من الهيئة لهذه المراجعة؛ الرسالة والأهداف تُكتب رسمياً في توصيف البرنامج (TP-151) ويُسأل عنها في الدراسة الذاتية (TP-102). يُستحسن سؤال عمادة الجودة عن نموذج داخلي قبل اعتماد هذا المقترح.
A3: الهدف: الحصول على أدلة المحك 1-1-1 الأربعة لكل برنامج: مصفوفة الاتساق، وإعلان الرسالة على الموقع، والخطة التشغيلية، وتقرير استطلاع المستفيدين.
A5: ① الأسئلة الثلاثة
A6: 1 | B6: هل هي متسقة؟ | C6: كل هدف من أهداف البرنامج مرتبط بهدف من أهداف الكلية والجامعة (مصفوفة الاتساق).
A7: 2 | B7: هل هي واضحة ومعروفة؟ | C7: استطلاع قصير لأعضاء هيئة التدريس والطلاب والخريجين وجهات التوظيف.
A8: 3 | B8: هل هي مطبّقة؟ | C8: الخطة التشغيلية ونواتج التعلم مبنية على هذه الأهداف.
A10: ② الخطوات
A11: م | B11: الخطوة | C11: المخرج | D11: ='الإعدادات واللجنة'!$B$5 -> بكالوريوس علوم الحاسب | E11: ='الإعدادات واللجنة'!$B$6 -> بكالوريوس علوم البيانات | F11: ='الإعدادات واللجنة'!$B$7 -> ماجستير علوم البيانات
A12: 1 | B12: جمع الوثائق: رسالة الجامعة والكلية وأهدافهما، ورسالة البرنامج الحالية، والتوصيف، والخطة التشغيلية | C12: ملف الوثائق | D12: لم تبدأ | E12: لم تبدأ | F12: لم تبدأ
A13: 2 | B13: الفحص بقائمة التحقق ③ | C13: قائمة تحقق معبأة | D13: لم تبدأ | E13: لم تبدأ | F13: لم تبدأ
A14: 3 | B14: تعبئة مصفوفة الاتساق ④ | C14: مصفوفة الاتساق | D14: لم تبدأ | E14: لم تبدأ | F14: لم تبدأ
A15: 4 | B15: الاستطلاع ⑤ (نموذج إلكتروني لمدة أسبوع) | C15: تقرير الاستطلاع | D15: لم تبدأ | E15: لم تبدأ | F15: لم تبدأ
A16: 5 | B16: القرار: إبقاء / تعديل طفيف / إعادة صياغة | C16: توصية اللجنة | D16: لم تبدأ | E16: لم تبدأ | F16: لم تبدأ
A17: 6 | B17: الاعتماد من المجلس (إن عُدّلت) | C17: محضر الاعتماد | D17: لم تبدأ | E17: لم تبدأ | F17: لم تبدأ
A18: 7 | B18: النشر: الموقع، دليل الطالب، التوصيف | C18: روابط النشر | D18: لم تبدأ | E18: لم تبدأ | F18: لم تبدأ
A20: ③ قائمة التحقق
A21: م | B21: السؤال | D21: ='الإعدادات واللجنة'!$B$5 -> بكالوريوس علوم الحاسب | E21: ='الإعدادات واللجنة'!$B$6 -> بكالوريوس علوم البيانات | F21: ='الإعدادات واللجنة'!$B$7 -> ماجستير علوم البيانات
A22: 1 | B22: الرسالة مختصرة وواضحة ويسهل تذكرها
A23: 2 | B23: الرسالة تبيّن ما يميز البرنامج
A24: 3 | B24: الرسالة متسقة مع رسالة الكلية والجامعة
A25: 4 | B25: الأهداف تغطي التعليم والبحث وخدمة المجتمع
A26: 5 | B26: الأهداف محددة وقابلة للقياس ولكل هدف مؤشر
A27: 6 | B27: الأهداف مرتبطة بنواتج التعلم وخصائص الخريجين
A28: 7 | B28: الأهداف تراعي احتياجات سوق العمل
A29: 8 | B29: الرسالة والأهداف معتمدة ومنشورة
A30: 9 | B30: الخطة التشغيلية مبنية على الأهداف
A32: ④ مصفوفة الاتساق (لكل برنامج نسخة) – ضع ✓ عند وجود ارتباط
A33: م | B33: هدف البرنامج | C33: هدف الكلية ... | D33: هدف الكلية ... | E33: هدف الجامعة ... | F33: هدف الجامعة ...
A34: 1 | B34: الهدف 1: ...
A35: 2 | B35: الهدف 2: ...
A36: 3 | B36: الهدف 3: ...
A37: 4 | B37: الهدف 4: ...
A38: 5 | B38: الهدف 5: ...
A40: ⑤ أسئلة الاستطلاع (موافق بشدة ← غير موافق بشدة)
A41: 1 | B41: أعرف رسالة البرنامج وأهدافه.
A42: 2 | B42: الرسالة والأهداف واضحة ومفهومة.
A43: 3 | B43: الرسالة تعبّر عما يميز البرنامج.
A44: 4 | B44: أنشطة البرنامج ومقرراته تحقق رسالته وأهدافه.
A45: 5 | B45: الأهداف تلبي احتياجات سوق العمل.
A46: 6 | B46: سؤال مفتوح: ما مقترحك لتحسين الرسالة أو الأهداف؟

Sheet فحص-حاسب-بكالوريوس
A1: ="فحص الأدلة – "&'الإعدادات واللجنة'!$B$5 -> فحص الأدلة – بكالوريوس علوم الحاسب
A2: عبّئ الخلايا الصفراء: حالة الدليل، وإن كان ناقصاً: السبب والإجراء والموعد، ثم رابط الدليل. الأعمدة P–Q لأ. فاطمة. الصفوف المظللة = محكات أساسية ★
A4: الرمز | B4: المعيار | C4: نص المحك | D4: أساسي | E4: م | F4: الدليل / الشاهد | G4: مصدر الدليل | H4: المسؤول | I4: حالة الدليل | J4: سبب النقص | K4: الأولوية | L4: الإجراء المطلوب | M4: الموعد | N4: رابط الدليل في المستودع | O4: ملاحظات العضو | P4: مراجعة أ. فاطمة | Q4: ملاحظات المراجعة
A5: 1-1-1 | B5: 1. إدارة البرنامج وضمان جودته | C5: تتسق رسالة البرنامج وأهدافه مع رسالة المؤسسة/الكلية وتوجّه جميع عملياته وأنشطته. | E5: 1 | F5: مصفوفة اتساق رسالة وأهداف البرنامج مع رسالة وأهداف الجامعة والكلية. | G5: الدليل الاسترشادي | H5: =IFERROR(INDEX('الإعدادات واللجنة'!$C$24:$C$32,MATCH(LEFT(A5,3),'الإعدادات واللجنة'!$A$24:$A$32,0)),"") -> د. سلطان بن سعيد الشمراني | K5: =IF(OR(I5="",I5="متوفر ومكتمل"),"",IF(OR(D5="★",I5="غير متوفر"),"عالية","متوسطة"))
A6: 1-1-1 | B6: 1. إدارة البرنامج وضمان جودته | E6: 2 | F6: إعلان رسالة وأهداف البرنامج على الموقع الإلكتروني للبرنامج. | G6: الدليل الاسترشادي | H6: =IFERROR(INDEX('الإعدادات واللجنة'!$C$24:$C$32,MATCH(LEFT(A6,3),'الإعدادات واللجنة'!$A$24:$A$32,0)),"") -> د. سلطان بن سعيد الشمراني | K6: =IF(OR(I6="",I6="متوفر ومكتمل"),"",IF(OR(D6="★",I6="غير متوفر"),"عالية","متوسطة"))
A7: 1-1-1 | B7: 1. إدارة البرنامج وضمان جودته | E7: 3 | F7: الخطة التشغيلية للبرنامج وتقاريرها وتشمل البحث العلمي وخدمة المجتمع. | G7: الدليل الاسترشادي | H7: =IFERROR(INDEX('الإعدادات واللجنة'!$C$24:$C$32,MATCH(LEFT(A7,3),'الإعدادات واللجنة'!$A$24:$A$32,0)),"") -> د. سلطان بن سعيد الشمراني | K7: =IF(OR(I7="",I7="متوفر ومكتمل"),"",IF(OR(D7="★",I7="غير متوفر"),"عالية","متوسطة"))
A8: 1-1-1 | B8: 1. إدارة البرنامج وضمان جودته | E8: 4 | F8: تقرير استطلاع رأي المستفيدين حول وضوح ونشر الرسالة والأهداف. | G8: الدليل الاسترشادي | H8: =IFERROR(INDEX('الإعدادات واللجنة'!$C$24:$C$32,MATCH(LEFT(A8,3),'الإعدادات واللجنة'!$A$24:$A$32,0)),"") -> د. سلطان بن سعيد الشمراني | K8: =IF(OR(I8="",I8="متوفر ومكتمل"),"",IF(OR(D8="★",I8="غير متوفر"),"عالية","متوسطة"))
A9: 1-1-2 | B9: 1. إدارة البرنامج وضمان جودته | C9: يتوفر لدى البرنامج العدد الكافي من الكوادر المؤهلة للقيام بالمهام الإدارية والمهنية والفنية، ولهم مهام وصلاحيات محددة. | D9: ★ | E9: 1 | F9: قاعدة بيانات محدثة لأعضاء هيئة التدريس بالبرنامج والإداريين والفنيين. | G9: الدليل الاسترشادي | H9: =IFERROR(INDEX('الإعدادات واللجنة'!$C$24:$C$32,MATCH(LEFT(A9,3),'الإعدادات واللجنة'!$A$24:$A$32,0)),"") -> د. سلطان بن سعيد الشمراني | K9: =IF(OR(I9="",I9="متوفر ومكتمل"),"",IF(OR(D9="★",I9="غير متوفر"),"عالية","متوسطة"))
A10: 1-1-2 | B10: 1. إدارة البرنامج وضمان جودته | D10: ★ | E10: 2 | F10: السير الذاتية لأعضاء هيئة التدريس، وقيادات البرنامج، والإداريين، والفنيين. | G10: الدليل الاسترشادي | H10: =IFERROR(INDEX('الإعدادات واللجنة'!$C$24:$C$32,MATCH(LEFT(A10,3),'الإعدادات واللجنة'!$A$24:$A$32,0)),"") -> د. سلطان بن سعيد الشمراني | K10: =IF(OR(I10="",I10="متوفر ومكتمل"),"",IF(OR(D10="★",I10="غير متوفر"),"عالية","متوسطة"))
A11: 1-1-2 | B11: 1. إدارة البرنامج وضمان جودته | D11: ★ | E11: 3 | F11: نماذج من تشكيلات اللجان بالبرنامج محددة المهام. | G11: الدليل الاسترشادي | H11: =IFERROR(INDEX('الإعدادات واللجنة'!$C$24:$C$32,MATCH(LEFT(A11,3),'الإعدادات واللجنة'!$A$24:$A$32,0)),"") -> د. سلطان بن سعيد الشمراني | K11: =IF(OR(I11="",I11="متوفر ومكتمل"),"",IF(OR(D11="★",I11="غير متوفر"),"عالية","متوسطة"))
A12: 1-1-2 | B12: 1. إدارة البرنامج وضمان جودته | D12: ★ | E12: 4 | F12: معايير اختيار القيادات الأكاديمية والإدارية. | G12: الدليل الاسترشادي | H12: =IFERROR(INDEX('الإعدادات واللجنة'!$C$24:$C$32,MATCH(LEFT(A12,3),'الإعدادات واللجنة'!$A$24:$A$32,0)),"") -> د. سلطان بن سعيد الشمراني | K12: =IF(OR(I12="",I12="متوفر ومكتمل"),"",IF(OR(D12="★",I12="غير متوفر"),"عالية","متوسطة"))
A13: 1-1-2 | B13: 1. إدارة البرنامج وضمان جودته | D13: ★ | E13: 5 | F13: استبانة تقييم القيادات الأكاديمية والإدارية بالبرنامج. | G13: الدليل الاسترشادي | H13: =IFERROR(INDEX('الإعدادات واللجنة'!$C$24:$C$32,MATCH(LEFT(A13,3),'الإعدادات واللجنة'!$A$24:$A$32,0)),"") -> د. سلطان بن سعيد الشمراني | K13: =IF(OR(I13="",I13="متوفر ومكتمل"),"",IF(OR(D13="★",I13="غير متوفر"),"عالية","متوسطة"))
A14: 1-1-3 | B14: 1. إدارة البرنامج وضمان جودته | C14: يتوفر للبرنامج منظومة تحفيزية وبيئة أكاديمية داعمة. | E14: 1 | F14: دليل جوائز التميز بالكلية/الجامعة. | G14: الدليل الاسترشادي | H14: =IFERROR(INDEX('الإعدادات واللجنة'!$C$24:$C$32,MATCH(LEFT(A14,3),'الإعدادات واللجنة'!$A$24:$A$32,0)),"") -> د. سلطان بن سعيد الشمراني | K14: =IF(OR(I14="",I14="متوفر ومكتمل"),"",IF(OR(D14="★",I14="غير متوفر"),"عالية","متوسطة"))
A15: 1-1-3 | B15: 1. إدارة البرنامج وضمان جودته | E15: 2 | F15: نماذج من شهادات (تميز/تقدير) منسوبي البرنامج والإداريين والفنيين. | G15: الدليل الاسترشادي | H15: =IFERROR(INDEX('الإعدادات واللجنة'!$C$24:$C$32,MATCH(LEFT(A15,3),'الإعدادات واللجنة'!$A$24:$A$32,0)),"") -> د. سلطان بن سعيد الشمراني | K15: =IF(OR(I15="",I15="متوفر ومكتمل"),"",IF(OR(D15="★",I15="غير متوفر"),"عالية","متوسطة"))
A16: 1-1-3 | B16: 1. إدارة البرنامج وضمان جودته | E16: 3 | F16: قائمة بالمرافق والتجهيزات التعليمية والبحثية للبرنامج. | G16: الدليل الاسترشادي | H16: =IFERROR(INDEX('الإعدادات واللجنة'!$C$24:$C$32,MATCH(LEFT(A16,3),'الإعدادات واللجنة'!$A$24:$A$32,0)),"") -> د. سلطان بن سعيد الشمراني | K16: =IF(OR(I16="",I16="متوفر ومكتمل"),"",IF(OR(D16="★",I16="غير متوفر"),"عالية","متوسطة"))
A17: 1-1-3 | B17: 1. إدارة البرنامج وضمان جودته | E17: 4 | F17: قائمة بالمرافق والتجهيزات الخاصة بالأنشطة اللاصفية بالبرنامج. | G17: الدليل الاسترشادي | H17: =IFERROR(INDEX('الإعدادات واللجنة'!$C$24:$C$32,MATCH(LEFT(A17,3),'الإعدادات واللجنة'!$A$24:$A$32,0)),"") -> د. سلطان بن سعيد الشمراني | K17: =IF(OR(I17="",I17="متوفر ومكتمل"),"",IF(OR(D17="★",I17="غير متوفر"),"عالية","متوسطة"))
A18: 1-1-3 | B18: 1. إدارة البرنامج وضمان جودته | E18: 5 | F18: تقييمات أعضاء هيئة التدريس والإداريين والفنيين والطلاب للمناخ التنظيمي والبيئة الأكاديمية. | G18: الدليل الاسترشادي | H18: =IFERROR(INDEX('الإعدادات واللجنة'!$C$24:$C$32,MATCH(LEFT(A18,3),'الإعدادات واللجنة'!$A$24:$A$32,0)),"") -> د. سلطان بن سعيد الشمراني | K18: =IF(OR(I18="",I18="متوفر ومكتمل"),"",IF(OR(D18="★",I18="غير متوفر"),"عالية","متوسطة"))
A19: 1-1-4 | B19: 1. إدارة البرنامج وضمان جودته | C19: يتم القياس المستمر لمؤشرات أداء البرنامج الرئيسة، وتُتخذ الإجراءات اللازمة للتحسين. | E19: 1 | F19: تقرير مؤشرات الأداء الرئيسة للبرنامج. | G19: الدليل الاسترشادي | H19: =IFERROR(INDEX('الإعدادات واللجنة'!$C$24:$C$32,MATCH(LEFT(A19,3),'الإعدادات واللجنة'!$A$24:$A$32,0)),"") -> د. سلطان بن سعيد الشمراني | K19: =IF(OR(I19="",I19="متوفر ومكتمل"),"",IF(OR(D19="★",I19="غير متوفر"),"عالية","متوسطة"))
A20: 1-1-4 | B20: 1. إدارة البرنامج وضمان جودته | E20: 2 | F20: تقرير إنجاز الخطة التشغيلية للبرنامج مع خطة التحسين. | G20: الدليل الاسترشادي | H20: =IFERROR(INDEX('الإعدادات واللجنة'!$C$24:$C$32,MATCH(LEFT(A20,3),'الإعدادات واللجنة'!$A$24:$A$32,0)),"") -> د. سلطان بن سعيد الشمراني | K20: =IF(OR(I20="",I20="متوفر ومكتمل"),"",IF(OR(D20="★",I20="غير متوفر"),"عالية","متوسطة"))
A21: 1-1-5 | B21: 1. إدارة البرنامج وضمان جودته | C21: يوثّق البرنامج وينشر السياسات والحقوق والواجبات الخاصة بمنسوبيه بصورة معلنة، ويطبق آليات تضمن النزاهة والعدالة والمساواة في جميع ممارساته الأكاديمية والإدارية بين شطري الطلاب والطالبات والفروع (إن وجدت). | E21: 1 | F21: لوحة/دليل موضح فيه السياسات والحقوق والواجبات وتكون معلنة. | G21: الدليل الاسترشادي | H21: =IFERROR(INDEX('الإعدادات واللجنة'!$C$24:$C$32,MATCH(LEFT(A21,3),'الإعدادات واللجنة'!$A$24:$A$32,0)),"") -> د. سلطان بن سعيد الشمراني | K21: =IF(OR(I21="",I21="متوفر ومكتمل"),"",IF(OR(D21="★",I21="غير متوفر"),"عالية","متوسطة"))
A22: 1-1-5 | B22: 1. إدارة البرنامج وضمان جودته | E22: 2 | F22: استطلاع رأي أعضاء هيئة التدريس والطلبة عن تطبيق إدارة البرنامج لآليات النزاهة والعدالة والمساواة. | G22: الدليل الاسترشادي | H22: =IFERROR(INDEX('الإعدادات واللجنة'!$C$24:$C$32,MATCH(LEFT(A22,3),'الإعدادات واللجنة'!$A$24:$A$32,0)),"") -> د. سلطان بن سعيد الشمراني | K22: =IF(OR(I22="",I22="متوفر ومكتمل"),"",IF(OR(D22="★",I22="غير متوفر"),"عالية","متوسطة"))
A23: 1-1-5 | B23: 1. إدارة البرنامج وضمان جودته | E23: 3 | F23: الشواهد على مدى تكافؤ الإمكانيات المادية والبشرية بين شطري الطالب والطالبات. | G23: الدليل الاسترشادي | H23: =IFERROR(INDEX('الإعدادات واللجنة'!$C$24:$C$32,MATCH(LEFT(A23,3),'الإعدادات واللجنة'!$A$24:$A$32,0)),"") -> د. سلطان بن سعيد الشمراني | K23: =IF(OR(I23="",I23="متوفر ومكتمل"),"",IF(OR(D23="★",I23="غير متوفر"),"عالية","متوسطة"))
A24: 1-1-5 | B24: 1. إدارة البرنامج وضمان جودته | E24: 4 | F24: تشكيل اللجان والمجالس العاملة بالقسم بما يتضمن إشراك الجنسين والفروع (إن وجدت)، وكذا تمويل الأبحاث والمشاريع وحضور المؤتمرات. | G24: الدليل الاسترشادي | H24: =IFERROR(INDEX('الإعدادات واللجنة'!$C$24:$C$32,MATCH(LEFT(A24,3),'الإعدادات واللجنة'!$A$24:$A$32,0)),"") -> د. سلطان بن سعيد الشمراني | K24: =IF(OR(I24="",I24="متوفر ومكتمل"),"",IF(OR(D24="★",I24="غير متوفر"),"عالية","متوسطة"))
A25: 1-1-6 | B25: 1. إدارة البرنامج وضمان جودته | C25: تستفيد إدارة البرنامج من آراء المختصين والخبراء في تشكيل لجنة استشارية متنوعة الأعضاء وموضحة المهام، وتخصص البرنامج في تقييم وتطوير وتحسين أدائه. | E25: 1 | F25: قرار تشكيل اللجنة الاستشارية للبرنامج المتنوعة الأعضاء والموضح مهامها. | G25: الدليل الاسترشادي | H25: =IFERROR(INDEX('الإعدادات واللجنة'!$C$24:$C$32,MATCH(LEFT(A25,3),'الإعدادات واللجنة'!$A$24:$A$32,0)),"") -> د. سلطان بن سعيد الشمراني | K25: =IF(OR(I25="",I25="متوفر ومكتمل"),"",IF(OR(D25="★",I25="غير متوفر"),"عالية","متوسطة"))
A26: 1-1-6 | B26: 1. إدارة البرنامج وضمان جودته | E26: 2 | F26: نماذج من محاضر اللجنة الاستشارية للبرنامج متضمنة التوصيات وخطط تفعيلها. | G26: الدليل الاسترشادي | H26: =IFERROR(INDEX('الإعدادات واللجنة'!$C$24:$C$32,MATCH(LEFT(A26,3),'الإعدادات واللجنة'!$A$24:$A$32,0)),"") -> د. سلطان بن سعيد الشمراني | K26: =IF(OR(I26="",I26="متوفر ومكتمل"),"",IF(OR(D26="★",I26="غير متوفر"),"عالية","متوسطة"))
A27: 1-1-6 | B27: 1. إدارة البرنامج وضمان جودته | E27: 3 | F27: تقرير استطلاع رأي جهات التوظيف حول الخريجين وتوصيات وخطط التحسين. | G27: الدليل الاسترشادي | H27: =IFERROR(INDEX('الإعدادات واللجنة'!$C$24:$C$32,MATCH(LEFT(A27,3),'الإعدادات واللجنة'!$A$24:$A$32,0)),"") -> د. سلطان بن سعيد الشمراني | K27: =IF(OR(I27="",I27="متوفر ومكتمل"),"",IF(OR(D27="★",I27="غير متوفر"),"عالية","متوسطة"))
A28: 1-1-6 | B28: 1. إدارة البرنامج وضمان جودته | E28: 4 | F28: محاضر مجلس القسم متضمنة مناقشة توصيات اللجنة الاستشارية واستطلاع رأي جهات التوظيف وأي مقترحات تطوير من خبراء التخصص. | G28: الدليل الاسترشادي | H28: =IFERROR(INDEX('الإعدادات واللجنة'!$C$24:$C$32,MATCH(LEFT(A28,3),'الإعدادات واللجنة'!$A$24:$A$32,0)),"") -> د. سلطان بن سعيد الشمراني | K28: =IF(OR(I28="",I28="متوفر ومكتمل"),"",IF(OR(D28="★",I28="غير متوفر"),"عالية","متوسطة"))
A29: 1-1-7 | B29: 1. إدارة البرنامج وضمان جودته | C29: تتيح إدارة البرنامج معلومات موثوقة ومحدّثة تُبرز إنجازات البرنامج بما يتناسب مع احتياجات المستفيدين. | E29: 1 | F29: الدليل التعريفي للبرنامج. | G29: الدليل الاسترشادي | H29: =IFERROR(INDEX('الإعدادات واللجنة'!$C$24:$C$32,MATCH(LEFT(A29,3),'الإعدادات واللجنة'!$A$24:$A$32,0)),"") -> د. سلطان بن سعيد الشمراني | K29: =IF(OR(I29="",I29="متوفر ومكتمل"),"",IF(OR(D29="★",I29="غير متوفر"),"عالية","متوسطة"))
A30: 1-1-7 | B30: 1. إدارة البرنامج وضمان جودته | E30: 2 | F30: الموقع الإلكتروني للبرنامج متضمناً توصيف البرنامج والمقررات الدراسية وأنشطته وإنجازاته محدّثاً. | G30: الدليل الاسترشادي | H30: =IFERROR(INDEX('الإعدادات واللجنة'!$C$24:$C$32,MATCH(LEFT(A30,3),'الإعدادات واللجنة'!$A$24:$A$32,0)),"") -> د. سلطان بن سعيد الشمراني | K30: =IF(OR(I30="",I30="متوفر ومكتمل"),"",IF(OR(D30="★",I30="غير متوفر"),"عالية","متوسطة"))
A31: 1-1-7 | B31: 1. إدارة البرنامج وضمان جودته | E31: 3 | F31: أنشطة لجنة خدمة المجتمع للتعريف بالبرنامج وإمكاناته والخدمات التي يقدمها للمجتمع. | G31: الدليل الاسترشادي | H31: =IFERROR(INDEX('الإعدادات واللجنة'!$C$24:$C$32,MATCH(LEFT(A31,3),'الإعدادات واللجنة'!$A$24:$A$32,0)),"") -> د. سلطان بن سعيد الشمراني | K31: =IF(OR(I31="",I31="متوفر ومكتمل"),"",IF(OR(D31="★",I31="غير متوفر"),"عالية","متوسطة"))
A32: 1-1-7 | B32: 1. إدارة البرنامج وضمان جودته | E32: 4 | F32: نماذج من إعلانات ولقاءات التعريف بالبرنامج مع المستفيدين. | G32: الدليل الاسترشادي | H32: =IFERROR(INDEX('الإعدادات واللجنة'!$C$24:$C$32,MATCH(LEFT(A32,3),'الإعدادات واللجنة'!$A$24:$A$32,0)),"") -> د. سلطان بن سعيد الشمراني | K32: =IF(OR(I32="",I32="متوفر ومكتمل"),"",IF(OR(D32="★",I32="غير متوفر"),"عالية","متوسطة"))
A33: 1-1-7 | B33: 1. إدارة البرنامج وضمان جودته | E33: 5 | F33: نتائج استطلاع رأي المستفيدين حول إتاحة المعلومات الخاصة بالبرنامج. | G33: الدليل الاسترشادي | H33: =IFERROR(INDEX('الإعدادات واللجنة'!$C$24:$C$32,MATCH(LEFT(A33,3),'الإعدادات واللجنة'!$A$24:$A$32,0)),"") -> د. سلطان بن سعيد الشمراني | K33: =IF(OR(I33="",I33="متوفر ومكتمل"),"",IF(OR(D33="★",I33="غير متوفر"),"عالية","متوسطة"))
A34: 1-1-8 | B34: 1. إدارة البرنامج وضمان جودته | C34: تلتزم إدارة البرنامج بتفعيل قيم الأمانة العلمية وحقوق الملكية الفكرية وقواعد الممارسات الأخلاقية والسلوك القويم في جميع المجالات والأنشطة الأكاديمية والبحثية والإدارية والخدمية. | D34: ★ | E34: 1 | F34: السياسات والإجراءات الموثقة التي يطبقها البرنامج بشأن عمليات الاقتباس والملكية الفكرية للطلبة وأعضاء هيئة التدريس. | G34: الدليل الاسترشادي | H34: =IFERROR(INDEX('الإعدادات واللجنة'!$C$24:$C$32,MATCH(LEFT(A34,3),'الإعدادات واللجنة'!$A$24:$A$32,0)),"") -> د. سلطان بن سعيد الشمراني | K34: =IF(OR(I34="",I34="متوفر ومكتمل"),"",IF(OR(D34="★",I34="غير متوفر"),"عالية","متوسطة"))
A35: 1-1-8 | B35: 1. إدارة البرنامج وضمان جودته | D35: ★ | E35: 2 | F35: دليل الإطار الأخلاقي للطلبة ومنسوبي الجامعة. | G35: الدليل الاسترشادي | H35: =IFERROR(INDEX('الإعدادات واللجنة'!$C$24:$C$32,MATCH(LEFT(A35,3),'الإعدادات واللجنة'!$A$24:$A$32,0)),"") -> د. سلطان بن سعيد الشمراني | K35: =IF(OR(I35="",I35="متوفر ومكتمل"),"",IF(OR(D35="★",I35="غير متوفر"),"عالية","متوسطة"))
A36: 1-1-8 | B36: 1. إدارة البرنامج وضمان جودته | D36: ★ | E36: 3 | F36: دليل أخلاقيات البحث العلمي. | G36: الدليل الاسترشادي | H36: =IFERROR(INDEX('الإعدادات واللجنة'!$C$24:$C$32,MATCH(LEFT(A36,3),'الإعدادات واللجنة'!$A$24:$A$32,0)),"") -> د. سلطان بن سعيد الشمراني | K36: =IF(OR(I36="",I36="متوفر ومكتمل"),"",IF(OR(D36="★",I36="غير متوفر"),"عالية","متوسطة"))
A37: 1-1-8 | B37: 1. إدارة البرنامج وضمان جودته | D37: ★ | E37: 4 | F37: قائمة بالدورات التدريبية المتعلقة بقيم الأمانة العلمية وحقوق الملكية الفكرية وقواعد الممارسات الأخلاقية. | G37: الدليل الاسترشادي | H37: =IFERROR(INDEX('الإعدادات واللجنة'!$C$24:$C$32,MATCH(LEFT(A37,3),'الإعدادات واللجنة'!$A$24:$A$32,0)),"") -> د. سلطان بن سعيد الشمراني | K37: =IF(OR(I37="",I37="متوفر ومكتمل"),"",IF(OR(D37="★",I37="غير متوفر"),"عالية","متوسطة"))
A38: 1-1-8 | B38: 1. إدارة البرنامج وضمان جودته | D38: ★ | E38: 5 | F38: نماذج من تعميمات رئيس القسم على ضرورة الالتزام بقيم الأمانة العلمية وحقوق الملكية الفكرية. | G38: الدليل الاسترشادي | H38: =IFERROR(INDEX('الإعدادات واللجنة'!$C$24:$C$32,MATCH(LEFT(A38,3),'الإعدادات واللجنة'!$A$24:$A$32,0)),"") -> د. سلطان بن سعيد الشمراني | K38: =IF(OR(I38="",I38="متوفر ومكتمل"),"",IF(OR(D38="★",I38="غير متوفر"),"عالية","متوسطة"))
A39: 1-1-8 | B39: 1. إدارة البرنامج وضمان جودته | D39: ★ | E39: 6 | F39: عينات من تقارير فحص الاستلال العلمي لأعمال الطلبة. | G39: الدليل الاسترشادي | H39: =IFERROR(INDEX('الإعدادات واللجنة'!$C$24:$C$32,MATCH(LEFT(A39,3),'الإعدادات واللجنة'!$A$24:$A$32,0)),"") -> د. سلطان بن سعيد الشمراني | K39: =IF(OR(I39="",I39="متوفر ومكتمل"),"",IF(OR(D39="★",I39="غير متوفر"),"عالية","متوسطة"))
A40: 1-1-9 | B40: 1. إدارة البرنامج وضمان جودته | C40: تتبنى إدارة البرنامج آلية واضحة وإجراءات معتمدة من قِبل المؤسسة/الكلية للشكاوى والتظلم والقضايا التأديبية. | E40: 1 | F40: سياسات وآليات الشكاوى والتظلم المعتمدة سواء للطالب أو أعضاء هيئة التدريس. | G40: الدليل الاسترشادي | H40: =IFERROR(INDEX('الإعدادات واللجنة'!$C$24:$C$32,MATCH(LEFT(A40,3),'الإعدادات واللجنة'!$A$24:$A$32,0)),"") -> د. سلطان بن سعيد الشمراني | K40: =IF(OR(I40="",I40="متوفر ومكتمل"),"",IF(OR(D40="★",I40="غير متوفر"),"عالية","متوسطة"))
A41: 1-1-9 | B41: 1. إدارة البرنامج وضمان جودته | E41: 2 | F41: نماذج من محاضر الرفع بالشكاوى والتظلمات وقرارات الرد عليها. | G41: الدليل الاسترشادي | H41: =IFERROR(INDEX('الإعدادات واللجنة'!$C$24:$C$32,MATCH(LEFT(A41,3),'الإعدادات واللجنة'!$A$24:$A$32,0)),"") -> د. سلطان بن سعيد الشمراني | K41: =IF(OR(I41="",I41="متوفر ومكتمل"),"",IF(OR(D41="★",I41="غير متوفر"),"عالية","متوسطة"))
A42: 1-1-9 | B42: 1. إدارة البرنامج وضمان جودته | E42: 3 | F42: نماذج من قرارات لجان التأديب. | G42: الدليل الاسترشادي | H42: =IFERROR(INDEX('الإعدادات واللجنة'!$C$24:$C$32,MATCH(LEFT(A42,3),'الإعدادات واللجنة'!$A$24:$A$32,0)),"") -> د. سلطان بن سعيد الشمراني | K42: =IF(OR(I42="",I42="متوفر ومكتمل"),"",IF(OR(D42="★",I42="غير متوفر"),"عالية","متوسطة"))
A43: 1-1-9 | B43: 1. إدارة البرنامج وضمان جودته | E43: 4 | F43: استطلاعات رأي المستفيدين حول عدالة التعامل مع الشكاوى والتظلمات. | G43: الدليل الاسترشادي | H43: =IFERROR(INDEX('الإعدادات واللجنة'!$C$24:$C$32,MATCH(LEFT(A43,3),'الإعدادات واللجنة'!$A$24:$A$32,0)),"") -> د. سلطان بن سعيد الشمراني | K43: =IF(OR(I43="",I43="متوفر ومكتمل"),"",IF(OR(D43="★",I43="غير متوفر"),"عالية","متوسطة"))
A44: 1-2-1 | B44: 1. إدارة البرنامج وضمان جودته | C44: تتبنى إدارة البرنامج نظاماً إدارياً كاملاً ومعلناً لضمان الجودة، ينسجم مع نظام الجودة المؤسسي. | E44: 1 | F44: دليل ضمان الجودة بالبرنامج. | G44: الدليل الاسترشادي | H44: =IFERROR(INDEX('الإعدادات واللجنة'!$C$24:$C$32,MATCH(LEFT(A44,3),'الإعدادات واللجنة'!$A$24:$A$32,0)),"") -> د. حسن بن سعد القحطاني | K44: =IF(OR(I44="",I44="متوفر ومكتمل"),"",IF(OR(D44="★",I44="غير متوفر"),"عالية","متوسطة"))
A45: 1-2-1 | B45: 1. إدارة البرنامج وضمان جودته | E45: 2 | F45: دليل ضمان الجودة بالجامعة. | G45: الدليل الاسترشادي | H45: =IFERROR(INDEX('الإعدادات واللجنة'!$C$24:$C$32,MATCH(LEFT(A45,3),'الإعدادات واللجنة'!$A$24:$A$32,0)),"") -> د. حسن بن سعد القحطاني | K45: =IF(OR(I45="",I45="متوفر ومكتمل"),"",IF(OR(D45="★",I45="غير متوفر"),"عالية","متوسطة"))
A46: 1-2-1 | B46: 1. إدارة البرنامج وضمان جودته | E46: 3 | F46: الهيكل التنظيمي الموثق والمعلن للبرنامج متضمناً اللجان العاملة به. | G46: الدليل الاسترشادي | H46: =IFERROR(INDEX('الإعدادات واللجنة'!$C$24:$C$32,MATCH(LEFT(A46,3),'الإعدادات واللجنة'!$A$24:$A$32,0)),"") -> د. حسن بن سعد القحطاني | K46: =IF(OR(I46="",I46="متوفر ومكتمل"),"",IF(OR(D46="★",I46="غير متوفر"),"عالية","متوسطة"))
A47: 1-2-1 | B47: 1. إدارة البرنامج وضمان جودته | E47: 4 | F47: قرارات تشكيل لجان الجودة بالبرنامج. | G47: الدليل الاسترشادي | H47: =IFERROR(INDEX('الإعدادات واللجنة'!$C$24:$C$32,MATCH(LEFT(A47,3),'الإعدادات واللجنة'!$A$24:$A$32,0)),"") -> د. حسن بن سعد القحطاني | K47: =IF(OR(I47="",I47="متوفر ومكتمل"),"",IF(OR(D47="★",I47="غير متوفر"),"عالية","متوسطة"))
A48: 1-2-2 | B48: 1. إدارة البرنامج وضمان جودته | C48: يقوم البرنامج بتحليل مؤشرات الأداء الرئيسة وبيانات التقويم سنوياً، ويُستفاد منها في عمليات التخطيط والتطوير واتخاذ القرارات. | D48: ★ | E48: 1 | F48: تقارير قياس مؤشرات الأداء الرئيسة وتشمل المقارنات المرجعية. | G48: الدليل الاسترشادي | H48: =IFERROR(INDEX('الإعدادات واللجنة'!$C$24:$C$32,MATCH(LEFT(A48,3),'الإعدادات واللجنة'!$A$24:$A$32,0)),"") -> د. حسن بن سعد القحطاني | K48: =IF(OR(I48="",I48="متوفر ومكتمل"),"",IF(OR(D48="★",I48="غير متوفر"),"عالية","متوسطة"))
A49: 1-2-2 | B49: 1. إدارة البرنامج وضمان جودته | D49: ★ | E49: 2 | F49: مناقشة تقارير قياس مؤشرات الأداء في مجلس القسم والخطط التحسينية والقرارات المبنية عليها. | G49: الدليل الاسترشادي | H49: =IFERROR(INDEX('الإعدادات واللجنة'!$C$24:$C$32,MATCH(LEFT(A49,3),'الإعدادات واللجنة'!$A$24:$A$32,0)),"") -> د. حسن بن سعد القحطاني | K49: =IF(OR(I49="",I49="متوفر ومكتمل"),"",IF(OR(D49="★",I49="غير متوفر"),"عالية","متوسطة"))
A50: 1-2-2 | B50: 1. إدارة البرنامج وضمان جودته | D50: ★ | E50: 3 | F50: معايير البرنامج/المؤسسة لاختيار جهات المقارنة المرجعية. | G50: الدليل الاسترشادي | H50: =IFERROR(INDEX('الإعدادات واللجنة'!$C$24:$C$32,MATCH(LEFT(A50,3),'الإعدادات واللجنة'!$A$24:$A$32,0)),"") -> د. حسن بن سعد القحطاني | K50: =IF(OR(I50="",I50="متوفر ومكتمل"),"",IF(OR(D50="★",I50="غير متوفر"),"عالية","متوسطة"))
A51: 1-2-3 | B51: 1. إدارة البرنامج وضمان جودته | C51: يُجري البرنامج تقويماً دورياً شاملاً ووفق خطة للتحسين ويتابع تنفيذها. | E51: 1 | F51: سياسات إجراء التقويم الدوري الشامل للبرنامج. | G51: الدليل الاسترشادي | H51: =IFERROR(INDEX('الإعدادات واللجنة'!$C$24:$C$32,MATCH(LEFT(A51,3),'الإعدادات واللجنة'!$A$24:$A$32,0)),"") -> د. حسن بن سعد القحطاني | K51: =IF(OR(I51="",I51="متوفر ومكتمل"),"",IF(OR(D51="★",I51="غير متوفر"),"عالية","متوسطة"))
A52: 1-2-3 | B52: 1. إدارة البرنامج وضمان جودته | E52: 2 | F52: تشكيلات لجان تنفيذ عمليات التقويم الدوري الشامل للبرنامج. | G52: الدليل الاسترشادي | H52: =IFERROR(INDEX('الإعدادات واللجنة'!$C$24:$C$32,MATCH(LEFT(A52,3),'الإعدادات واللجنة'!$A$24:$A$32,0)),"") -> د. حسن بن سعد القحطاني | K52: =IF(OR(I52="",I52="متوفر ومكتمل"),"",IF(OR(D52="★",I52="غير متوفر"),"عالية","متوسطة"))
A53: 1-2-3 | B53: 1. إدارة البرنامج وضمان جودته | E53: 3 | F53: تقارير التقويم الدوري الشامل للبرنامج مع الخطط التحسينية. | G53: الدليل الاسترشادي | H53: =IFERROR(INDEX('الإعدادات واللجنة'!$C$24:$C$32,MATCH(LEFT(A53,3),'الإعدادات واللجنة'!$A$24:$A$32,0)),"") -> د. حسن بن سعد القحطاني | K53: =IF(OR(I53="",I53="متوفر ومكتمل"),"",IF(OR(D53="★",I53="غير متوفر"),"عالية","متوسطة"))
A54: 1-2-3 | B54: 1. إدارة البرنامج وضمان جودته | E54: 4 | F54: مناقشة نتائج عملية التقويم الشامل في مجلس القسم. | G54: الدليل الاسترشادي | H54: =IFERROR(INDEX('الإعدادات واللجنة'!$C$24:$C$32,MATCH(LEFT(A54,3),'الإعدادات واللجنة'!$A$24:$A$32,0)),"") -> د. حسن بن سعد القحطاني | K54: =IF(OR(I54="",I54="متوفر ومكتمل"),"",IF(OR(D54="★",I54="غير متوفر"),"عالية","متوسطة"))
A55: 1-2-3 | B55: 1. إدارة البرنامج وضمان جودته | E55: 5 | F55: تقرير الدراسة الذاتية السابقة (إن وجد). | G55: الدليل الاسترشادي | H55: =IFERROR(INDEX('الإعدادات واللجنة'!$C$24:$C$32,MATCH(LEFT(A55,3),'الإعدادات واللجنة'!$A$24:$A$32,0)),"") -> د. حسن بن سعد القحطاني | K55: =IF(OR(I55="",I55="متوفر ومكتمل"),"",IF(OR(D55="★",I55="غير متوفر"),"عالية","متوسطة"))
A56: 1-2-3 | B56: 1. إدارة البرنامج وضمان جودته | E56: 6 | F56: تقارير متابعة الخطط التحسينية للبرنامج. | G56: الدليل الاسترشادي | H56: =IFERROR(INDEX('الإعدادات واللجنة'!$C$24:$C$32,MATCH(LEFT(A56,3),'الإعدادات واللجنة'!$A$24:$A$32,0)),"") -> د. حسن بن سعد القحطاني | K56: =IF(OR(I56="",I56="متوفر ومكتمل"),"",IF(OR(D56="★",I56="غير متوفر"),"عالية","متوسطة"))
A57: 2-1-1 | B57: 2. التعليم والتعلم | C57: تُحدَّد نواتج تعلم البرنامج المستهدفة وتتواءم مع خصائص الخريجين على المستوى المؤسسي، ويتم اعتمادها من مجلس القسم والكلية ومراجعتها دورياً. | E57: 1 | F57: توصيف البرنامج (يشمل نواتج تعلم البرنامج) معتمد من مجلس القسم والكلية. | G57: الدليل الاسترشادي | H57: =IFERROR(INDEX('الإعدادات واللجنة'!$C$24:$C$32,MATCH(LEFT(A57,3),'الإعدادات واللجنة'!$A$24:$A$32,0)),"") -> د. احمد بن عوض البشري | K57: =IF(OR(I57="",I57="متوفر ومكتمل"),"",IF(OR(D57="★",I57="غير متوفر"),"عالية","متوسطة"))
A58: 2-1-1 | B58: 2. التعليم والتعلم | E58: 2 | F58: الدليل الإجرائي لصياغة وقياس نواتج التعلم على مستوى البرنامج / المؤسسة. | G58: الدليل الاسترشادي | H58: =IFERROR(INDEX('الإعدادات واللجنة'!$C$24:$C$32,MATCH(LEFT(A58,3),'الإعدادات واللجنة'!$A$24:$A$32,0)),"") -> د. احمد بن عوض البشري | K58: =IF(OR(I58="",I58="متوفر ومكتمل"),"",IF(OR(D58="★",I58="غير متوفر"),"عالية","متوسطة"))
A59: 2-1-1 | B59: 2. التعليم والتعلم | E59: 3 | F59: مصفوفة الاتساق بين نواتج تعلم البرنامج والمعايير الأكاديمية التخصصية (الاختبارات المعيارية – جاهزية أو ما يكافئها). | G59: الدليل الاسترشادي | H59: =IFERROR(INDEX('الإعدادات واللجنة'!$C$24:$C$32,MATCH(LEFT(A59,3),'الإعدادات واللجنة'!$A$24:$A$32,0)),"") -> د. احمد بن عوض البشري | K59: =IF(OR(I59="",I59="متوفر ومكتمل"),"",IF(OR(D59="★",I59="غير متوفر"),"عالية","متوسطة"))
A60: 2-1-1 | B60: 2. التعليم والتعلم | E60: 4 | F60: مصفوفة الاتساق بين نواتج تعلم البرنامج ورسالته. | G60: الدليل الاسترشادي | H60: =IFERROR(INDEX('الإعدادات واللجنة'!$C$24:$C$32,MATCH(LEFT(A60,3),'الإعدادات واللجنة'!$A$24:$A$32,0)),"") -> د. احمد بن عوض البشري | K60: =IF(OR(I60="",I60="متوفر ومكتمل"),"",IF(OR(D60="★",I60="غير متوفر"),"عالية","متوسطة"))
A61: 2-1-1 | B61: 2. التعليم والتعلم | E61: 5 | F61: مصفوفة الاتساق بين نواتج تعلم البرنامج وخصائص خريجي الجامعة. | G61: الدليل الاسترشادي | H61: =IFERROR(INDEX('الإعدادات واللجنة'!$C$24:$C$32,MATCH(LEFT(A61,3),'الإعدادات واللجنة'!$A$24:$A$32,0)),"") -> د. احمد بن عوض البشري | K61: =IF(OR(I61="",I61="متوفر ومكتمل"),"",IF(OR(D61="★",I61="غير متوفر"),"عالية","متوسطة"))
A62: 2-1-1 | B62: 2. التعليم والتعلم | E62: 6 | F62: استطلاعات رأي الطلاب والخريجين وجهات التوظيف حول مدى وضوح نواتج التعلم. | G62: الدليل الاسترشادي | H62: =IFERROR(INDEX('الإعدادات واللجنة'!$C$24:$C$32,MATCH(LEFT(A62,3),'الإعدادات واللجنة'!$A$24:$A$32,0)),"") -> د. احمد بن عوض البشري | K62: =IF(OR(I62="",I62="متوفر ومكتمل"),"",IF(OR(D62="★",I62="غير متوفر"),"عالية","متوسطة"))
A63: 2-1-1 | B63: 2. التعليم والتعلم | E63: 7 | F63: تقارير اللجان المعنية التي تفيد مراجعة نواتج التعلم. | G63: الدليل الاسترشادي | H63: =IFERROR(INDEX('الإعدادات واللجنة'!$C$24:$C$32,MATCH(LEFT(A63,3),'الإعدادات واللجنة'!$A$24:$A$32,0)),"") -> د. احمد بن عوض البشري | K63: =IF(OR(I63="",I63="متوفر ومكتمل"),"",IF(OR(D63="★",I63="غير متوفر"),"عالية","متوسطة"))
A64: 2-1-1 | B64: 2. التعليم والتعلم | E64: 8 | F64: عينة من وسائل إعلان نواتج التعلم مثل الموقع الإلكتروني للبرنامج وكتيب البرنامج. | G64: الدليل الاسترشادي | H64: =IFERROR(INDEX('الإعدادات واللجنة'!$C$24:$C$32,MATCH(LEFT(A64,3),'الإعدادات واللجنة'!$A$24:$A$32,0)),"") -> د. احمد بن عوض البشري | K64: =IF(OR(I64="",I64="متوفر ومكتمل"),"",IF(OR(D64="★",I64="غير متوفر"),"عالية","متوسطة"))
A65: 2-1-1 | B65: 2. التعليم والتعلم | E65: 9 | F65: سياسات إجراء التقويم الدوري الشامل للبرنامج (وتشمل السياسات والإجراءات المعتمدة للمراجعة الدورية لنواتج تعلم البرنامج). | G65: الدليل الاسترشادي | H65: =IFERROR(INDEX('الإعدادات واللجنة'!$C$24:$C$32,MATCH(LEFT(A65,3),'الإعدادات واللجنة'!$A$24:$A$32,0)),"") -> د. احمد بن عوض البشري | K65: =IF(OR(I65="",I65="متوفر ومكتمل"),"",IF(OR(D65="★",I65="غير متوفر"),"عالية","متوسطة"))
A66: 2-1-1 | B66: 2. التعليم والتعلم | E66: 10 | F66: تقرير توافق نواتج تعلم البرنامج مع الإطار الوطني للمؤهلات (نموذج الاتساق مع الإطار الوطني للمؤهلات). | G66: الدليل الاسترشادي | H66: =IFERROR(INDEX('الإعدادات واللجنة'!$C$24:$C$32,MATCH(LEFT(A66,3),'الإعدادات واللجنة'!$A$24:$A$32,0)),"") -> د. احمد بن عوض البشري | K66: =IF(OR(I66="",I66="متوفر ومكتمل"),"",IF(OR(D66="★",I66="غير متوفر"),"عالية","متوسطة"))
A67: 2-1-2 | B67: 2. التعليم والتعلم | C67: تتوافق نواتج التعلم مع متطلبات الإطار الوطني للمؤهلات والمعايير التخصصية ومتطلبات سوق العمل. | D67: ★ | E67: 1 | F67: مصفوفة الاتساق بين نواتج تعلم البرنامج والمعايير التخصصية. | G67: الدليل الاسترشادي | H67: =IFERROR(INDEX('الإعدادات واللجنة'!$C$24:$C$32,MATCH(LEFT(A67,3),'الإعدادات واللجنة'!$A$24:$A$32,0)),"") -> د. احمد بن عوض البشري | K67: =IF(OR(I67="",I67="متوفر ومكتمل"),"",IF(OR(D67="★",I67="غير متوفر"),"عالية","متوسطة"))
A68: 2-1-2 | B68: 2. التعليم والتعلم | D68: ★ | E68: 2 | F68: تقارير استطلاعات رأي جهات التوظيف حول توافق نواتج التعلم مع متطلبات سوق العمل. | G68: الدليل الاسترشادي | H68: =IFERROR(INDEX('الإعدادات واللجنة'!$C$24:$C$32,MATCH(LEFT(A68,3),'الإعدادات واللجنة'!$A$24:$A$32,0)),"") -> د. احمد بن عوض البشري | K68: =IF(OR(I68="",I68="متوفر ومكتمل"),"",IF(OR(D68="★",I68="غير متوفر"),"عالية","متوسطة"))
A69: 2-1-2 | B69: 2. التعليم والتعلم | D69: ★ | E69: 3 | F69: نماذج من محاضر لجان ومجلس القسم لمناقشة توافق خصائص الخريجين ونواتج التعلم مع متطلبات سوق العمل. | G69: الدليل الاسترشادي | H69: =IFERROR(INDEX('الإعدادات واللجنة'!$C$24:$C$32,MATCH(LEFT(A69,3),'الإعدادات واللجنة'!$A$24:$A$32,0)),"") -> د. احمد بن عوض البشري | K69: =IF(OR(I69="",I69="متوفر ومكتمل"),"",IF(OR(D69="★",I69="غير متوفر"),"عالية","متوسطة"))
A70: 2-1-3 | B70: 2. التعليم والتعلم | C70: يحدد البرنامج نواتج تعلم للمسارات المختلفة (إن وجدت). | E70: 1 | F70: توصيف البرنامج (يشمل نواتج تعلم المسارات المختلفة بالبرنامج إن وجدت) معتمد من مجلس القسم والكلية. | G70: الدليل الاسترشادي | H70: =IFERROR(INDEX('الإعدادات واللجنة'!$C$24:$C$32,MATCH(LEFT(A70,3),'الإعدادات واللجنة'!$A$24:$A$32,0)),"") -> د. احمد بن عوض البشري | K70: =IF(OR(I70="",I70="متوفر ومكتمل"),"",IF(OR(D70="★",I70="غير متوفر"),"عالية","متوسطة"))
A71: 2-1-3 | B71: 2. التعليم والتعلم | E71: 2 | F71: مصفوفة الاتساق بين نواتج التعلم المحددة بالمسارات المختلفة (إن وجدت) وخصائص خريجي الجامعة. | G71: الدليل الاسترشادي | H71: =IFERROR(INDEX('الإعدادات واللجنة'!$C$24:$C$32,MATCH(LEFT(A71,3),'الإعدادات واللجنة'!$A$24:$A$32,0)),"") -> د. احمد بن عوض البشري | K71: =IF(OR(I71="",I71="متوفر ومكتمل"),"",IF(OR(D71="★",I71="غير متوفر"),"عالية","متوسطة"))
A72: 2-1-3 | B72: 2. التعليم والتعلم | E72: 3 | F72: استطلاعات الرأي المتعلقة بإشراك المستفيدين في تحديد نواتج التعلم في المسارات المختلفة. | G72: الدليل الاسترشادي | H72: =IFERROR(INDEX('الإعدادات واللجنة'!$C$24:$C$32,MATCH(LEFT(A72,3),'الإعدادات واللجنة'!$A$24:$A$32,0)),"") -> د. احمد بن عوض البشري | K72: =IF(OR(I72="",I72="متوفر ومكتمل"),"",IF(OR(D72="★",I72="غير متوفر"),"عالية","متوسطة"))
A73: 2-1-3 | B73: 2. التعليم والتعلم | E73: 4 | F73: تقرير استطلاعات الرأي حول رضا المستفيدين عن مدى وضوح نواتج التعلم في المسارات المحددة بالبرنامج. | G73: الدليل الاسترشادي | H73: =IFERROR(INDEX('الإعدادات واللجنة'!$C$24:$C$32,MATCH(LEFT(A73,3),'الإعدادات واللجنة'!$A$24:$A$32,0)),"") -> د. احمد بن عوض البشري | K73: =IF(OR(I73="",I73="متوفر ومكتمل"),"",IF(OR(D73="★",I73="غير متوفر"),"عالية","متوسطة"))
A74: 2-1-4 | B74: 2. التعليم والتعلم | C74: يطبق البرنامج آليات وأدوات مناسبة لقياس نواتج التعلم والتحقق من استيفائها وفق مستويات أداء وخطط تقييم محددة. | D74: ★ | E74: 1 | F74: الدليل الإجرائي لصياغة وقياس نواتج التعلم على مستوى البرنامج / المؤسسة. | G74: الدليل الاسترشادي | H74: =IFERROR(INDEX('الإعدادات واللجنة'!$C$24:$C$32,MATCH(LEFT(A74,3),'الإعدادات واللجنة'!$A$24:$A$32,0)),"") -> د. احمد بن عوض البشري | K74: =IF(OR(I74="",I74="متوفر ومكتمل"),"",IF(OR(D74="★",I74="غير متوفر"),"عالية","متوسطة"))
A75: 2-1-4 | B75: 2. التعليم والتعلم | D75: ★ | E75: 2 | F75: خطة قياس نواتج تعلم البرنامج. | G75: الدليل الاسترشادي | H75: =IFERROR(INDEX('الإعدادات واللجنة'!$C$24:$C$32,MATCH(LEFT(A75,3),'الإعدادات واللجنة'!$A$24:$A$32,0)),"") -> د. احمد بن عوض البشري | K75: =IF(OR(I75="",I75="متوفر ومكتمل"),"",IF(OR(D75="★",I75="غير متوفر"),"عالية","متوسطة"))
A76: 2-1-4 | B76: 2. التعليم والتعلم | D76: ★ | E76: 3 | F76: تقرير البرنامج لآخر عامين موضحاً به تقييم نواتج التعلم وخطط التحسين المرتبطة بتقييم نواتج التعلم. | G76: الدليل الاسترشادي | H76: =IFERROR(INDEX('الإعدادات واللجنة'!$C$24:$C$32,MATCH(LEFT(A76,3),'الإعدادات واللجنة'!$A$24:$A$32,0)),"") -> د. احمد بن عوض البشري | K76: =IF(OR(I76="",I76="متوفر ومكتمل"),"",IF(OR(D76="★",I76="غير متوفر"),"عالية","متوسطة"))
A77: 2-1-4 | B77: 2. التعليم والتعلم | D77: ★ | E77: 4 | F77: تقارير قياس نواتج تعلم البرنامج والخطة التحسينية. | G77: الدليل الاسترشادي | H77: =IFERROR(INDEX('الإعدادات واللجنة'!$C$24:$C$32,MATCH(LEFT(A77,3),'الإعدادات واللجنة'!$A$24:$A$32,0)),"") -> د. احمد بن عوض البشري | K77: =IF(OR(I77="",I77="متوفر ومكتمل"),"",IF(OR(D77="★",I77="غير متوفر"),"عالية","متوسطة"))
A78: 2-1-5 | B78: 2. التعليم والتعلم | C78: يتبنى البرنامج استراتيجيات واضحة ومعتمدة للتعليم والتعلم والتقييم تحقق فلسفته التعليمية وتكفل تحقيق نواتج التعلم في البرنامج. | E78: 1 | F78: توصيف البرنامج (يشمل استراتيجيات التعليم والتعلم وطرق تقويم نواتج التعلم للبرنامج) معتمد من مجلس القسم والكلية. | G78: الدليل الاسترشادي | H78: =IFERROR(INDEX('الإعدادات واللجنة'!$C$24:$C$32,MATCH(LEFT(A78,3),'الإعدادات واللجنة'!$A$24:$A$32,0)),"") -> د. احمد بن عوض البشري | K78: =IF(OR(I78="",I78="متوفر ومكتمل"),"",IF(OR(D78="★",I78="غير متوفر"),"عالية","متوسطة"))
A79: 2-1-5 | B79: 2. التعليم والتعلم | E79: 2 | F79: نماذج من تقارير المقررات والبرنامج تظهر الخطط التطويرية بها والمبنية على نتائج تقييم تحقق نواتج التعلم. | G79: الدليل الاسترشادي | H79: =IFERROR(INDEX('الإعدادات واللجنة'!$C$24:$C$32,MATCH(LEFT(A79,3),'الإعدادات واللجنة'!$A$24:$A$32,0)),"") -> د. احمد بن عوض البشري | K79: =IF(OR(I79="",I79="متوفر ومكتمل"),"",IF(OR(D79="★",I79="غير متوفر"),"عالية","متوسطة"))
A80: 2-1-5 | B80: 2. التعليم والتعلم | E80: 3 | F80: الدورات التدريبية المقدمة لأعضاء هيئة التدريس حول استراتيجيات التدريس وأساليب التقويم. | G80: الدليل الاسترشادي | H80: =IFERROR(INDEX('الإعدادات واللجنة'!$C$24:$C$32,MATCH(LEFT(A80,3),'الإعدادات واللجنة'!$A$24:$A$32,0)),"") -> د. احمد بن عوض البشري | K80: =IF(OR(I80="",I80="متوفر ومكتمل"),"",IF(OR(D80="★",I80="غير متوفر"),"عالية","متوسطة"))
A81: 2-1-5 | B81: 2. التعليم والتعلم | E81: 4 | F81: استطلاع رأي الطلاب حول استراتيجيات التعليم والتعلم وأساليب التقييم. | G81: الدليل الاسترشادي | H81: =IFERROR(INDEX('الإعدادات واللجنة'!$C$24:$C$32,MATCH(LEFT(A81,3),'الإعدادات واللجنة'!$A$24:$A$32,0)),"") -> د. احمد بن عوض البشري | K81: =IF(OR(I81="",I81="متوفر ومكتمل"),"",IF(OR(D81="★",I81="غير متوفر"),"عالية","متوسطة"))
A82: 2-2-1 | B82: 2. التعليم والتعلم | C82: يراعي المنهج الدراسي تحقيق أهداف البرنامج ونواتجه التعليمية والتطورات العلمية والتقنية والمهنية في مجال التخصص، ويُراجع بصورة دورية. | D82: ★ | E82: 1 | F82: الدليل الإجرائي لاستحداث وتطوير البرامج والخطط الدراسية. | G82: الدليل الاسترشادي | H82: =IFERROR(INDEX('الإعدادات واللجنة'!$C$24:$C$32,MATCH(LEFT(A82,3),'الإعدادات واللجنة'!$A$24:$A$32,0)),"") -> د. احمد بن عوض البشري | K82: =IF(OR(I82="",I82="متوفر ومكتمل"),"",IF(OR(D82="★",I82="غير متوفر"),"عالية","متوسطة"))
A83: 2-2-1 | B83: 2. التعليم والتعلم | D83: ★ | E83: 2 | F83: توصيف البرنامج (يشمل مصفوفة الربط بين كل من نواتج تعلم البرنامج والمقررات) معتمد من مجلس القسم والكلية. | G83: الدليل الاسترشادي | H83: =IFERROR(INDEX('الإعدادات واللجنة'!$C$24:$C$32,MATCH(LEFT(A83,3),'الإعدادات واللجنة'!$A$24:$A$32,0)),"") -> د. احمد بن عوض البشري | K83: =IF(OR(I83="",I83="متوفر ومكتمل"),"",IF(OR(D83="★",I83="غير متوفر"),"عالية","متوسطة"))
A84: 2-2-1 | B84: 2. التعليم والتعلم | D84: ★ | E84: 3 | F84: توصيفات المقررات موضحاً بها أحدث الكتب والمراجع المقررة في مجال التخصص. | G84: الدليل الاسترشادي | H84: =IFERROR(INDEX('الإعدادات واللجنة'!$C$24:$C$32,MATCH(LEFT(A84,3),'الإعدادات واللجنة'!$A$24:$A$32,0)),"") -> د. احمد بن عوض البشري | K84: =IF(OR(I84="",I84="متوفر ومكتمل"),"",IF(OR(D84="★",I84="غير متوفر"),"عالية","متوسطة"))
A85: 2-2-1 | B85: 2. التعليم والتعلم | D85: ★ | E85: 4 | F85: محاضر اجتماع اللجنة الاستشارية واللجان المعنية ومجلس القسم التي ناقشت تطوير الخطة الدراسية. | G85: الدليل الاسترشادي | H85: =IFERROR(INDEX('الإعدادات واللجنة'!$C$24:$C$32,MATCH(LEFT(A85,3),'الإعدادات واللجنة'!$A$24:$A$32,0)),"") -> د. احمد بن عوض البشري | K85: =IF(OR(I85="",I85="متوفر ومكتمل"),"",IF(OR(D85="★",I85="غير متوفر"),"عالية","متوسطة"))
A86: 2-2-1 | B86: 2. التعليم والتعلم | D86: ★ | E86: 5 | F86: استطلاعات رأي الخريجين وأرباب العمل حول مواكبة نواتج تعلم البرنامج للتطورات العلمية والتقنية والمهنية. | G86: الدليل الاسترشادي | H86: =IFERROR(INDEX('الإعدادات واللجنة'!$C$24:$C$32,MATCH(LEFT(A86,3),'الإعدادات واللجنة'!$A$24:$A$32,0)),"") -> د. احمد بن عوض البشري | K86: =IF(OR(I86="",I86="متوفر ومكتمل"),"",IF(OR(D86="★",I86="غير متوفر"),"عالية","متوسطة"))
A87: 2-2-1 | B87: 2. التعليم والتعلم | D87: ★ | E87: 6 | F87: نماذج من محاضر مراجعة توصيف البرنامج وتوصيف المقررات متضمنة التطورات التي تم إقرارها. | G87: الدليل الاسترشادي | H87: =IFERROR(INDEX('الإعدادات واللجنة'!$C$24:$C$32,MATCH(LEFT(A87,3),'الإعدادات واللجنة'!$A$24:$A$32,0)),"") -> د. احمد بن عوض البشري | K87: =IF(OR(I87="",I87="متوفر ومكتمل"),"",IF(OR(D87="★",I87="غير متوفر"),"عالية","متوسطة"))
A88: 2-2-2 | B88: 2. التعليم والتعلم | C88: تحقق الخطة الدراسية التوازن بين المتطلبات العامة ومتطلبات التخصص، وبين الجوانب النظرية والتطبيقية، كما تراعي التتابع والتكامل بين المقررات الدراسية. | D88: ★ | E88: 1 | F88: مصفوفة التوازن بين المتطلبات العامة (الكلية) ومتطلبات التخصص في الخطة الدراسية للبرنامج. | G88: الدليل الاسترشادي | H88: =IFERROR(INDEX('الإعدادات واللجنة'!$C$24:$C$32,MATCH(LEFT(A88,3),'الإعدادات واللجنة'!$A$24:$A$32,0)),"") -> د. احمد بن عوض البشري | K88: =IF(OR(I88="",I88="متوفر ومكتمل"),"",IF(OR(D88="★",I88="غير متوفر"),"عالية","متوسطة"))
A89: 2-2-2 | B89: 2. التعليم والتعلم | D89: ★ | E89: 2 | F89: مصفوفة التوازن بين الجوانب النظرية والتطبيقية في الخطة الدراسية للبرنامج وفق المقارنة المرجعية الخارجية. | G89: الدليل الاسترشادي | H89: =IFERROR(INDEX('الإعدادات واللجنة'!$C$24:$C$32,MATCH(LEFT(A89,3),'الإعدادات واللجنة'!$A$24:$A$32,0)),"") -> د. احمد بن عوض البشري | K89: =IF(OR(I89="",I89="متوفر ومكتمل"),"",IF(OR(D89="★",I89="غير متوفر"),"عالية","متوسطة"))
A90: 2-2-2 | B90: 2. التعليم والتعلم | D90: ★ | E90: 3 | F90: محاضر اجتماع اللجنة الاستشارية واللجان المعنية ومجلس القسم التي ناقشت تطوير الخطة الدراسية. | G90: الدليل الاسترشادي | H90: =IFERROR(INDEX('الإعدادات واللجنة'!$C$24:$C$32,MATCH(LEFT(A90,3),'الإعدادات واللجنة'!$A$24:$A$32,0)),"") -> د. احمد بن عوض البشري | K90: =IF(OR(I90="",I90="متوفر ومكتمل"),"",IF(OR(D90="★",I90="غير متوفر"),"عالية","متوسطة"))
A91: 2-2-2 | B91: 2. التعليم والتعلم | D91: ★ | E91: 4 | F91: تقييم مراجع مستقل حول التوازن والتتابع والتكامل في الخطة الدراسية للبرنامج. | G91: الدليل الاسترشادي | H91: =IFERROR(INDEX('الإعدادات واللجنة'!$C$24:$C$32,MATCH(LEFT(A91,3),'الإعدادات واللجنة'!$A$24:$A$32,0)),"") -> د. احمد بن عوض البشري | K91: =IF(OR(I91="",I91="متوفر ومكتمل"),"",IF(OR(D91="★",I91="غير متوفر"),"عالية","متوسطة"))
A92: 2-2-3 | B92: 2. التعليم والتعلم | C92: يراعى في بناء الخطة الدراسية للبرنامج تحديد متطلبات نقاط الخروج (إن وجدت) طبقاً للممارسات العالمية والبرامج المناظرة. | E92: 1 | F92: تقرير مختصر معتمد يوضح نسب التوازن بين الجوانب النظرية والتطبيقية في خطة البرنامج. | G92: الدليل الاسترشادي | H92: =IFERROR(INDEX('الإعدادات واللجنة'!$C$24:$C$32,MATCH(LEFT(A92,3),'الإعدادات واللجنة'!$A$24:$A$32,0)),"") -> د. احمد بن عوض البشري | K92: =IF(OR(I92="",I92="متوفر ومكتمل"),"",IF(OR(D92="★",I92="غير متوفر"),"عالية","متوسطة"))
A93: 2-2-3 | B93: 2. التعليم والتعلم | E93: 2 | F93: دليل البرنامج موضحاً به مسارات البرنامج ونقاط التخرج. | G93: الدليل الاسترشادي | H93: =IFERROR(INDEX('الإعدادات واللجنة'!$C$24:$C$32,MATCH(LEFT(A93,3),'الإعدادات واللجنة'!$A$24:$A$32,0)),"") -> د. احمد بن عوض البشري | K93: =IF(OR(I93="",I93="متوفر ومكتمل"),"",IF(OR(D93="★",I93="غير متوفر"),"عالية","متوسطة"))
A94: 2-2-3 | B94: 2. التعليم والتعلم | E94: 3 | F94: المقارنات المرجعية التي تم الاستناد عليها في بناء نقاط الخروج. | G94: الدليل الاسترشادي | H94: =IFERROR(INDEX('الإعدادات واللجنة'!$C$24:$C$32,MATCH(LEFT(A94,3),'الإعدادات واللجنة'!$A$24:$A$32,0)),"") -> د. احمد بن عوض البشري | K94: =IF(OR(I94="",I94="متوفر ومكتمل"),"",IF(OR(D94="★",I94="غير متوفر"),"عالية","متوسطة"))
A95: 2-2-3 | B95: 2. التعليم والتعلم | E95: 4 | F95: توصيف البرنامج موضحاً به نقاط الخروج (إن وجدت). | G95: الدليل الاسترشادي | H95: =IFERROR(INDEX('الإعدادات واللجنة'!$C$24:$C$32,MATCH(LEFT(A95,3),'الإعدادات واللجنة'!$A$24:$A$32,0)),"") -> د. احمد بن عوض البشري | K95: =IF(OR(I95="",I95="متوفر ومكتمل"),"",IF(OR(D95="★",I95="غير متوفر"),"عالية","متوسطة"))
A96: 2-2-4 | B96: 2. التعليم والتعلم | C96: ترتبط نواتج التعلم بالمقررات بنواتج التعلم بالبرنامج (مصفوفة توزيع نواتج تعلم البرنامج على المقررات). | E96: 1 | F96: توصيف البرنامج (يشمل مصفوفة الربط بين كل من نواتج تعلم البرنامج والمقررات) معتمد من مجلس القسم والكلية. | G96: الدليل الاسترشادي | H96: =IFERROR(INDEX('الإعدادات واللجنة'!$C$24:$C$32,MATCH(LEFT(A96,3),'الإعدادات واللجنة'!$A$24:$A$32,0)),"") -> د. احمد بن عوض البشري | K96: =IF(OR(I96="",I96="متوفر ومكتمل"),"",IF(OR(D96="★",I96="غير متوفر"),"عالية","متوسطة"))
A97: 2-2-4 | B97: 2. التعليم والتعلم | E97: 2 | F97: توصيف الخبرة الميدانية (إن وجد). | G97: الدليل الاسترشادي | H97: =IFERROR(INDEX('الإعدادات واللجنة'!$C$24:$C$32,MATCH(LEFT(A97,3),'الإعدادات واللجنة'!$A$24:$A$32,0)),"") -> د. احمد بن عوض البشري | K97: =IF(OR(I97="",I97="متوفر ومكتمل"),"",IF(OR(D97="★",I97="غير متوفر"),"عالية","متوسطة"))
A98: 2-2-4 | B98: 2. التعليم والتعلم | E98: 3 | F98: دليل التدريب الميداني/التعاوني (إن وجد). | G98: الدليل الاسترشادي | H98: =IFERROR(INDEX('الإعدادات واللجنة'!$C$24:$C$32,MATCH(LEFT(A98,3),'الإعدادات واللجنة'!$A$24:$A$32,0)),"") -> د. احمد بن عوض البشري | K98: =IF(OR(I98="",I98="متوفر ومكتمل"),"",IF(OR(D98="★",I98="غير متوفر"),"عالية","متوسطة"))
A99: 2-2-4 | B99: 2. التعليم والتعلم | E99: 4 | F99: توصيف البرنامج المعتمد (جزئية استراتيجيات التدريس وطرق التقويم) مع آراء المحكمين له (إن وجدت) حول توافق ومناسبة استراتيجيات التعليم والتعلم وطرق التقييم. | G99: الدليل الاسترشادي | H99: =IFERROR(INDEX('الإعدادات واللجنة'!$C$24:$C$32,MATCH(LEFT(A99,3),'الإعدادات واللجنة'!$A$24:$A$32,0)),"") -> د. احمد بن عوض البشري | K99: =IF(OR(I99="",I99="متوفر ومكتمل"),"",IF(OR(D99="★",I99="غير متوفر"),"عالية","متوسطة"))
A100: 2-2-5 | B100: 2. التعليم والتعلم | C100: تتنوع استراتيجيات التعليم والتعلم وطرق التقييم في البرنامج بما يتناسب مع طبيعته ومستواه وتتوافق مع نواتج التعلم المستهدفة على مستوى البرنامج والمقررات. | E100: 1 | F100: نماذج من محاضر اللجان الاستشارية التي ناقشت توافق ومناسبة استراتيجيات التعليم والتعلم وطرق التقييم. | G100: الدليل الاسترشادي | H100: =IFERROR(INDEX('الإعدادات واللجنة'!$C$24:$C$32,MATCH(LEFT(A100,3),'الإعدادات واللجنة'!$A$24:$A$32,0)),"") -> د. احمد بن عوض البشري | K100: =IF(OR(I100="",I100="متوفر ومكتمل"),"",IF(OR(D100="★",I100="غير متوفر"),"عالية","متوسطة"))
A101: 2-2-5 | B101: 2. التعليم والتعلم | E101: 2 | F101: تقرير استطلاع رأي الطلبة والخريجين حول استراتيجيات التعليم والتعلم وطرق التقييم. | G101: الدليل الاسترشادي | H101: =IFERROR(INDEX('الإعدادات واللجنة'!$C$24:$C$32,MATCH(LEFT(A101,3),'الإعدادات واللجنة'!$A$24:$A$32,0)),"") -> د. احمد بن عوض البشري | K101: =IF(OR(I101="",I101="متوفر ومكتمل"),"",IF(OR(D101="★",I101="غير متوفر"),"عالية","متوسطة"))
...

Sheet فحص-بيانات-بكالوريوس
A1: ="فحص الأدلة – "&'الإعدادات واللجنة'!$B$6 -> فحص الأدلة – بكالوريوس علوم البيانات
A2: عبّئ الخلايا الصفراء: حالة الدليل، وإن كان ناقصاً: السبب والإجراء والموعد، ثم رابط الدليل. الأعمدة P–Q لأ. فاطمة. الصفوف المظللة = محكات أساسية ★
A4: الرمز | B4: المعيار | C4: نص المحك | D4: أساسي | E4: م | F4: الدليل / الشاهد | G4: مصدر الدليل | H4: المسؤول | I4: حالة الدليل | J4: سبب النقص | K4: الأولوية | L4: الإجراء المطلوب | M4: الموعد | N4: رابط الدليل في المستودع | O4: ملاحظات العضو | P4: مراجعة أ. فاطمة | Q4: ملاحظات المراجعة
A5: 1-1-1 | B5: 1. إدارة البرنامج وضمان جودته | C5: تتسق رسالة البرنامج وأهدافه مع رسالة المؤسسة/الكلية وتوجّه جميع عملياته وأنشطته. | E5: 1 | F5: مصفوفة اتساق رسالة وأهداف البرنامج مع رسالة وأهداف الجامعة والكلية. | G5: الدليل الاسترشادي | H5: =IFERROR(INDEX('الإعدادات واللجنة'!$C$24:$C$32,MATCH(LEFT(A5,3),'الإعدادات واللجنة'!$A$24:$A$32,0)),"") -> د. سلطان بن سعيد الشمراني | K5: =IF(OR(I5="",I5="متوفر ومكتمل"),"",IF(OR(D5="★",I5="غير متوفر"),"عالية","متوسطة"))
A6: 1-1-1 | B6: 1. إدارة البرنامج وضمان جودته | E6: 2 | F6: إعلان رسالة وأهداف البرنامج على الموقع الإلكتروني للبرنامج. | G6: الدليل الاسترشادي | H6: =IFERROR(INDEX('الإعدادات واللجنة'!$C$24:$C$32,MATCH(LEFT(A6,3),'الإعدادات واللجنة'!$A$24:$A$32,0)),"") -> د. سلطان بن سعيد الشمراني | K6: =IF(OR(I6="",I6="متوفر ومكتمل"),"",IF(OR(D6="★",I6="غير متوفر"),"عالية","متوسطة"))
A7: 1-1-1 | B7: 1. إدارة البرنامج وضمان جودته | E7: 3 | F7: الخطة التشغيلية للبرنامج وتقاريرها وتشمل البحث العلمي وخدمة المجتمع. | G7: الدليل الاسترشادي | H7: =IFERROR(INDEX('الإعدادات واللجنة'!$C$24:$C$32,MATCH(LEFT(A7,3),'الإعدادات واللجنة'!$A$24:$A$32,0)),"") -> د. سلطان بن سعيد الشمراني | K7: =IF(OR(I7="",I7="متوفر ومكتمل"),"",IF(OR(D7="★",I7="غير متوفر"),"عالية","متوسطة"))
A8: 1-1-1 | B8: 1. إدارة البرنامج وضمان جودته | E8: 4 | F8: تقرير استطلاع رأي المستفيدين حول وضوح ونشر الرسالة والأهداف. | G8: الدليل الاسترشادي | H8: =IFERROR(INDEX('الإعدادات واللجنة'!$C$24:$C$32,MATCH(LEFT(A8,3),'الإعدادات واللجنة'!$A$24:$A$32,0)),"") -> د. سلطان بن سعيد الشمراني | K8: =IF(OR(I8="",I8="متوفر ومكتمل"),"",IF(OR(D8="★",I8="غير متوفر"),"عالية","متوسطة"))
A9: 1-1-2 | B9: 1. إدارة البرنامج وضمان جودته | C9: يتوفر لدى البرنامج العدد الكافي من الكوادر المؤهلة للقيام بالمهام الإدارية والمهنية والفنية، ولهم مهام وصلاحيات محددة. | D9: ★ | E9: 1 | F9: قاعدة بيانات محدثة لأعضاء هيئة التدريس بالبرنامج والإداريين والفنيين. | G9: الدليل الاسترشادي | H9: =IFERROR(INDEX('الإعدادات واللجنة'!$C$24:$C$32,MATCH(LEFT(A9,3),'الإعدادات واللجنة'!$A$24:$A$32,0)),"") -> د. سلطان بن سعيد الشمراني | K9: =IF(OR(I9="",I9="متوفر ومكتمل"),"",IF(OR(D9="★",I9="غير متوفر"),"عالية","متوسطة"))
A10: 1-1-2 | B10: 1. إدارة البرنامج وضمان جودته | D10: ★ | E10: 2 | F10: السير الذاتية لأعضاء هيئة التدريس، وقيادات البرنامج، والإداريين، والفنيين. | G10: الدليل الاسترشادي | H10: =IFERROR(INDEX('الإعدادات واللجنة'!$C$24:$C$32,MATCH(LEFT(A10,3),'الإعدادات واللجنة'!$A$24:$A$32,0)),"") -> د. سلطان بن سعيد الشمراني | K10: =IF(OR(I10="",I10="متوفر ومكتمل"),"",IF(OR(D10="★",I10="غير متوفر"),"عالية","متوسطة"))
A11: 1-1-2 | B11: 1. إدارة البرنامج وضمان جودته | D11: ★ | E11: 3 | F11: نماذج من تشكيلات اللجان بالبرنامج محددة المهام. | G11: الدليل الاسترشادي | H11: =IFERROR(INDEX('الإعدادات واللجنة'!$C$24:$C$32,MATCH(LEFT(A11,3),'الإعدادات واللجنة'!$A$24:$A$32,0)),"") -> د. سلطان بن سعيد الشمراني | K11: =IF(OR(I11="",I11="متوفر ومكتمل"),"",IF(OR(D11="★",I11="غير متوفر"),"عالية","متوسطة"))
A12: 1-1-2 | B12: 1. إدارة البرنامج وضمان جودته | D12: ★ | E12: 4 | F12: معايير اختيار القيادات الأكاديمية والإدارية. | G12: الدليل الاسترشادي | H12: =IFERROR(INDEX('الإعدادات واللجنة'!$C$24:$C$32,MATCH(LEFT(A12,3),'الإعدادات واللجنة'!$A$24:$A$32,0)),"") -> د. سلطان بن سعيد الشمراني | K12: =IF(OR(I12="",I12="متوفر ومكتمل"),"",IF(OR(D12="★",I12="غير متوفر"),"عالية","متوسطة"))
A13: 1-1-2 | B13: 1. إدارة البرنامج وضمان جودته | D13: ★ | E13: 5 | F13: استبانة تقييم القيادات الأكاديمية والإدارية بالبرنامج. | G13: الدليل الاسترشادي | H13: =IFERROR(INDEX('الإعدادات واللجنة'!$C$24:$C$32,MATCH(LEFT(A13,3),'الإعدادات واللجنة'!$A$24:$A$32,0)),"") -> د. سلطان بن سعيد الشمراني | K13: =IF(OR(I13="",I13="متوفر ومكتمل"),"",IF(OR(D13="★",I13="غير متوفر"),"عالية","متوسطة"))
A14: 1-1-3 | B14: 1. إدارة البرنامج وضمان جودته | C14: يتوفر للبرنامج منظومة تحفيزية وبيئة أكاديمية داعمة. | E14: 1 | F14: دليل جوائز التميز بالكلية/الجامعة. | G14: الدليل الاسترشادي | H14: =IFERROR(INDEX('الإعدادات واللجنة'!$C$24:$C$32,MATCH(LEFT(A14,3),'الإعدادات واللجنة'!$A$24:$A$32,0)),"") -> د. سلطان بن سعيد الشمراني | K14: =IF(OR(I14="",I14="متوفر ومكتمل"),"",IF(OR(D14="★",I14="غير متوفر"),"عالية","متوسطة"))
A15: 1-1-3 | B15: 1. إدارة البرنامج وضمان جودته | E15: 2 | F15: نماذج من شهادات (تميز/تقدير) منسوبي البرنامج والإداريين والفنيين. | G15: الدليل الاسترشادي | H15: =IFERROR(INDEX('الإعدادات واللجنة'!$C$24:$C$32,MATCH(LEFT(A15,3),'الإعدادات واللجنة'!$A$24:$A$32,0)),"") -> د. سلطان بن سعيد الشمراني | K15: =IF(OR(I15="",I15="متوفر ومكتمل"),"",IF(OR(D15="★",I15="غير متوفر"),"عالية","متوسطة"))
A16: 1-1-3 | B16: 1. إدارة البرنامج وضمان جودته | E16: 3 | F16: قائمة بالمرافق والتجهيزات التعليمية والبحثية للبرنامج. | G16: الدليل الاسترشادي | H16: =IFERROR(INDEX('الإعدادات واللجنة'!$C$24:$C$32,MATCH(LEFT(A16,3),'الإعدادات واللجنة'!$A$24:$A$32,0)),"") -> د. سلطان بن سعيد الشمراني | K16: =IF(OR(I16="",I16="متوفر ومكتمل"),"",IF(OR(D16="★",I16="غير متوفر"),"عالية","متوسطة"))
A17: 1-1-3 | B17: 1. إدارة البرنامج وضمان جودته | E17: 4 | F17: قائمة بالمرافق والتجهيزات الخاصة بالأنشطة اللاصفية بالبرنامج. | G17: الدليل الاسترشادي | H17: =IFERROR(INDEX('الإعدادات واللجنة'!$C$24:$C$32,MATCH(LEFT(A17,3),'الإعدادات واللجنة'!$A$24:$A$32,0)),"") -> د. سلطان بن سعيد الشمراني | K17: =IF(OR(I17="",I17="متوفر ومكتمل"),"",IF(OR(D17="★",I17="غير متوفر"),"عالية","متوسطة"))
A18: 1-1-3 | B18: 1. إدارة البرنامج وضمان جودته | E18: 5 | F18: تقييمات أعضاء هيئة التدريس والإداريين والفنيين والطلاب للمناخ التنظيمي والبيئة الأكاديمية. | G18: الدليل الاسترشادي | H18: =IFERROR(INDEX('الإعدادات واللجنة'!$C$24:$C$32,MATCH(LEFT(A18,3),'الإعدادات واللجنة'!$A$24:$A$32,0)),"") -> د. سلطان بن سعيد الشمراني | K18: =IF(OR(I18="",I18="متوفر ومكتمل"),"",IF(OR(D18="★",I18="غير متوفر"),"عالية","متوسطة"))
A19: 1-1-4 | B19: 1. إدارة البرنامج وضمان جودته | C19: يتم القياس المستمر لمؤشرات أداء البرنامج الرئيسة، وتُتخذ الإجراءات اللازمة للتحسين. | E19: 1 | F19: تقرير مؤشرات الأداء الرئيسة للبرنامج. | G19: الدليل الاسترشادي | H19: =IFERROR(INDEX('الإعدادات واللجنة'!$C$24:$C$32,MATCH(LEFT(A19,3),'الإعدادات واللجنة'!$A$24:$A$32,0)),"") -> د. سلطان بن سعيد الشمراني | K19: =IF(OR(I19="",I19="متوفر ومكتمل"),"",IF(OR(D19="★",I19="غير متوفر"),"عالية","متوسطة"))
A20: 1-1-4 | B20: 1. إدارة البرنامج وضمان جودته | E20: 2 | F20: تقرير إنجاز الخطة التشغيلية للبرنامج مع خطة التحسين. | G20: الدليل الاسترشادي | H20: =IFERROR(INDEX('الإعدادات واللجنة'!$C$24:$C$32,MATCH(LEFT(A20,3),'الإعدادات واللجنة'!$A$24:$A$32,0)),"") -> د. سلطان بن سعيد الشمراني | K20: =IF(OR(I20="",I20="متوفر ومكتمل"),"",IF(OR(D20="★",I20="غير متوفر"),"عالية","متوسطة"))
A21: 1-1-5 | B21: 1. إدارة البرنامج وضمان جودته | C21: يوثّق البرنامج وينشر السياسات والحقوق والواجبات الخاصة بمنسوبيه بصورة معلنة، ويطبق آليات تضمن النزاهة والعدالة والمساواة في جميع ممارساته الأكاديمية والإدارية بين شطري الطلاب والطالبات والفروع (إن وجدت). | E21: 1 | F21: لوحة/دليل موضح فيه السياسات والحقوق والواجبات وتكون معلنة. | G21: الدليل الاسترشادي | H21: =IFERROR(INDEX('الإعدادات واللجنة'!$C$24:$C$32,MATCH(LEFT(A21,3),'الإعدادات واللجنة'!$A$24:$A$32,0)),"") -> د. سلطان بن سعيد الشمراني | K21: =IF(OR(I21="",I21="متوفر ومكتمل"),"",IF(OR(D21="★",I21="غير متوفر"),"عالية","متوسطة"))
A22: 1-1-5 | B22: 1. إدارة البرنامج وضمان جودته | E22: 2 | F22: استطلاع رأي أعضاء هيئة التدريس والطلبة عن تطبيق إدارة البرنامج لآليات النزاهة والعدالة والمساواة. | G22: الدليل الاسترشادي | H22: =IFERROR(INDEX('الإعدادات واللجنة'!$C$24:$C$32,MATCH(LEFT(A22,3),'الإعدادات واللجنة'!$A$24:$A$32,0)),"") -> د. سلطان بن سعيد الشمراني | K22: =IF(OR(I22="",I22="متوفر ومكتمل"),"",IF(OR(D22="★",I22="غير متوفر"),"عالية","متوسطة"))
A23: 1-1-5 | B23: 1. إدارة البرنامج وضمان جودته | E23: 3 | F23: الشواهد على مدى تكافؤ الإمكانيات المادية والبشرية بين شطري الطالب والطالبات. | G23: الدليل الاسترشادي | H23: =IFERROR(INDEX('الإعدادات واللجنة'!$C$24:$C$32,MATCH(LEFT(A23,3),'الإعدادات واللجنة'!$A$24:$A$32,0)),"") -> د. سلطان بن سعيد الشمراني | K23: =IF(OR(I23="",I23="متوفر ومكتمل"),"",IF(OR(D23="★",I23="غير متوفر"),"عالية","متوسطة"))
A24: 1-1-5 | B24: 1. إدارة البرنامج وضمان جودته | E24: 4 | F24: تشكيل اللجان والمجالس العاملة بالقسم بما يتضمن إشراك الجنسين والفروع (إن وجدت)، وكذا تمويل الأبحاث والمشاريع وحضور المؤتمرات. | G24: الدليل الاسترشادي | H24: =IFERROR(INDEX('الإعدادات واللجنة'!$C$24:$C$32,MATCH(LEFT(A24,3),'الإعدادات واللجنة'!$A$24:$A$32,0)),"") -> د. سلطان بن سعيد الشمراني | K24: =IF(OR(I24="",I24="متوفر ومكتمل"),"",IF(OR(D24="★",I24="غير متوفر"),"عالية","متوسطة"))
A25: 1-1-6 | B25: 1. إدارة البرنامج وضمان جودته | C25: تستفيد إدارة البرنامج من آراء المختصين والخبراء في تشكيل لجنة استشارية متنوعة الأعضاء وموضحة المهام، وتخصص البرنامج في تقييم وتطوير وتحسين أدائه. | E25: 1 | F25: قرار تشكيل اللجنة الاستشارية للبرنامج المتنوعة الأعضاء والموضح مهامها. | G25: الدليل الاسترشادي | H25: =IFERROR(INDEX('الإعدادات واللجنة'!$C$24:$C$32,MATCH(LEFT(A25,3),'الإعدادات واللجنة'!$A$24:$A$32,0)),"") -> د. سلطان بن سعيد الشمراني | K25: =IF(OR(I25="",I25="متوفر ومكتمل"),"",IF(OR(D25="★",I25="غير متوفر"),"عالية","متوسطة"))
A26: 1-1-6 | B26: 1. إدارة البرنامج وضمان جودته | E26: 2 | F26: نماذج من محاضر اللجنة الاستشارية للبرنامج متضمنة التوصيات وخطط تفعيلها. | G26: الدليل الاسترشادي | H26: =IFERROR(INDEX('الإعدادات واللجنة'!$C$24:$C$32,MATCH(LEFT(A26,3),'الإعدادات واللجنة'!$A$24:$A$32,0)),"") -> د. سلطان بن سعيد الشمراني | K26: =IF(OR(I26="",I26="متوفر ومكتمل"),"",IF(OR(D26="★",I26="غير متوفر"),"عالية","متوسطة"))
A27: 1-1-6 | B27: 1. إدارة البرنامج وضمان جودته | E27: 3 | F27: تقرير استطلاع رأي جهات التوظيف حول الخريجين وتوصيات وخطط التحسين. | G27: الدليل الاسترشادي | H27: =IFERROR(INDEX('الإعدادات واللجنة'!$C$24:$C$32,MATCH(LEFT(A27,3),'الإعدادات واللجنة'!$A$24:$A$32,0)),"") -> د. سلطان بن سعيد الشمراني | K27: =IF(OR(I27="",I27="متوفر ومكتمل"),"",IF(OR(D27="★",I27="غير متوفر"),"عالية","متوسطة"))
A28: 1-1-6 | B28: 1. إدارة البرنامج وضمان جودته | E28: 4 | F28: محاضر مجلس القسم متضمنة مناقشة توصيات اللجنة الاستشارية واستطلاع رأي جهات التوظيف وأي مقترحات تطوير من خبراء التخصص. | G28: الدليل الاسترشادي | H28: =IFERROR(INDEX('الإعدادات واللجنة'!$C$24:$C$32,MATCH(LEFT(A28,3),'الإعدادات واللجنة'!$A$24:$A$32,0)),"") -> د. سلطان بن سعيد الشمراني | K28: =IF(OR(I28="",I28="متوفر ومكتمل"),"",IF(OR(D28="★",I28="غير متوفر"),"عالية","متوسطة"))
A29: 1-1-7 | B29: 1. إدارة البرنامج وضمان جودته | C29: تتيح إدارة البرنامج معلومات موثوقة ومحدّثة تُبرز إنجازات البرنامج بما يتناسب مع احتياجات المستفيدين. | E29: 1 | F29: الدليل التعريفي للبرنامج. | G29: الدليل الاسترشادي | H29: =IFERROR(INDEX('الإعدادات واللجنة'!$C$24:$C$32,MATCH(LEFT(A29,3),'الإعدادات واللجنة'!$A$24:$A$32,0)),"") -> د. سلطان بن سعيد الشمراني | K29: =IF(OR(I29="",I29="متوفر ومكتمل"),"",IF(OR(D29="★",I29="غير متوفر"),"عالية","متوسطة"))
A30: 1-1-7 | B30: 1. إدارة البرنامج وضمان جودته | E30: 2 | F30: الموقع الإلكتروني للبرنامج متضمناً توصيف البرنامج والمقررات الدراسية وأنشطته وإنجازاته محدّثاً. | G30: الدليل الاسترشادي | H30: =IFERROR(INDEX('الإعدادات واللجنة'!$C$24:$C$32,MATCH(LEFT(A30,3),'الإعدادات واللجنة'!$A$24:$A$32,0)),"") -> د. سلطان بن سعيد الشمراني | K30: =IF(OR(I30="",I30="متوفر ومكتمل"),"",IF(OR(D30="★",I30="غير متوفر"),"عالية","متوسطة"))
A31: 1-1-7 | B31: 1. إدارة البرنامج وضمان جودته | E31: 3 | F31: أنشطة لجنة خدمة المجتمع للتعريف بالبرنامج وإمكاناته والخدمات التي يقدمها للمجتمع. | G31: الدليل الاسترشادي | H31: =IFERROR(INDEX('الإعدادات واللجنة'!$C$24:$C$32,MATCH(LEFT(A31,3),'الإعدادات واللجنة'!$A$24:$A$32,0)),"") -> د. سلطان بن سعيد الشمراني | K31: =IF(OR(I31="",I31="متوفر ومكتمل"),"",IF(OR(D31="★",I31="غير متوفر"),"عالية","متوسطة"))
A32: 1-1-7 | B32: 1. إدارة البرنامج وضمان جودته | E32: 4 | F32: نماذج من إعلانات ولقاءات التعريف بالبرنامج مع المستفيدين. | G32: الدليل الاسترشادي | H32: =IFERROR(INDEX('الإعدادات واللجنة'!$C$24:$C$32,MATCH(LEFT(A32,3),'الإعدادات واللجنة'!$A$24:$A$32,0)),"") -> د. سلطان بن سعيد الشمراني | K32: =IF(OR(I32="",I32="متوفر ومكتمل"),"",IF(OR(D32="★",I32="غير متوفر"),"عالية","متوسطة"))
A33: 1-1-7 | B33: 1. إدارة البرنامج وضمان جودته | E33: 5 | F33: نتائج استطلاع رأي المستفيدين حول إتاحة المعلومات الخاصة بالبرنامج. | G33: الدليل الاسترشادي | H33: =IFERROR(INDEX('الإعدادات واللجنة'!$C$24:$C$32,MATCH(LEFT(A33,3),'الإعدادات واللجنة'!$A$24:$A$32,0)),"") -> د. سلطان بن سعيد الشمراني | K33: =IF(OR(I33="",I33="متوفر ومكتمل"),"",IF(OR(D33="★",I33="غير متوفر"),"عالية","متوسطة"))
A34: 1-1-8 | B34: 1. إدارة البرنامج وضمان جودته | C34: تلتزم إدارة البرنامج بتفعيل قيم الأمانة العلمية وحقوق الملكية الفكرية وقواعد الممارسات الأخلاقية والسلوك القويم في جميع المجالات والأنشطة الأكاديمية والبحثية والإدارية والخدمية. | D34: ★ | E34: 1 | F34: السياسات والإجراءات الموثقة التي يطبقها البرنامج بشأن عمليات الاقتباس والملكية الفكرية للطلبة وأعضاء هيئة التدريس. | G34: الدليل الاسترشادي | H34: =IFERROR(INDEX('الإعدادات واللجنة'!$C$24:$C$32,MATCH(LEFT(A34,3),'الإعدادات واللجنة'!$A$24:$A$32,0)),"") -> د. سلطان بن سعيد الشمراني | K34: =IF(OR(I34="",I34="متوفر ومكتمل"),"",IF(OR(D34="★",I34="غير متوفر"),"عالية","متوسطة"))
A35: 1-1-8 | B35: 1. إدارة البرنامج وضمان جودته | D35: ★ | E35: 2 | F35: دليل الإطار الأخلاقي للطلبة ومنسوبي الجامعة. | G35: الدليل الاسترشادي | H35: =IFERROR(INDEX('الإعدادات واللجنة'!$C$24:$C$32,MATCH(LEFT(A35,3),'الإعدادات واللجنة'!$A$24:$A$32,0)),"") -> د. سلطان بن سعيد الشمراني | K35: =IF(OR(I35="",I35="متوفر ومكتمل"),"",IF(OR(D35="★",I35="غير متوفر"),"عالية","متوسطة"))
A36: 1-1-8 | B36: 1. إدارة البرنامج وضمان جودته | D36: ★ | E36: 3 | F36: دليل أخلاقيات البحث العلمي. | G36: الدليل الاسترشادي | H36: =IFERROR(INDEX('الإعدادات واللجنة'!$C$24:$C$32,MATCH(LEFT(A36,3),'الإعدادات واللجنة'!$A$24:$A$32,0)),"") -> د. سلطان بن سعيد الشمراني | K36: =IF(OR(I36="",I36="متوفر ومكتمل"),"",IF(OR(D36="★",I36="غير متوفر"),"عالية","متوسطة"))
A37: 1-1-8 | B37: 1. إدارة البرنامج وضمان جودته | D37: ★ | E37: 4 | F37: قائمة بالدورات التدريبية المتعلقة بقيم الأمانة العلمية وحقوق الملكية الفكرية وقواعد الممارسات الأخلاقية. | G37: الدليل الاسترشادي | H37: =IFERROR(INDEX('الإعدادات واللجنة'!$C$24:$C$32,MATCH(LEFT(A37,3),'الإعدادات واللجنة'!$A$24:$A$32,0)),"") -> د. سلطان بن سعيد الشمراني | K37: =IF(OR(I37="",I37="متوفر ومكتمل"),"",IF(OR(D37="★",I37="غير متوفر"),"عالية","متوسطة"))
A38: 1-1-8 | B38: 1. إدارة البرنامج وضمان جودته | D38: ★ | E38: 5 | F38: نماذج من تعميمات رئيس القسم على ضرورة الالتزام بقيم الأمانة العلمية وحقوق الملكية الفكرية. | G38: الدليل الاسترشادي | H38: =IFERROR(INDEX('الإعدادات واللجنة'!$C$24:$C$32,MATCH(LEFT(A38,3),'الإعدادات واللجنة'!$A$24:$A$32,0)),"") -> د. سلطان بن سعيد الشمراني | K38: =IF(OR(I38="",I38="متوفر ومكتمل"),"",IF(OR(D38="★",I38="غير متوفر"),"عالية","متوسطة"))
A39: 1-1-8 | B39: 1. إدارة البرنامج وضمان جودته | D39: ★ | E39: 6 | F39: عينات من تقارير فحص الاستلال العلمي لأعمال الطلبة. | G39: الدليل الاسترشادي | H39: =IFERROR(INDEX('الإعدادات واللجنة'!$C$24:$C$32,MATCH(LEFT(A39,3),'الإعدادات واللجنة'!$A$24:$A$32,0)),"") -> د. سلطان بن سعيد الشمراني | K39: =IF(OR(I39="",I39="متوفر ومكتمل"),"",IF(OR(D39="★",I39="غير متوفر"),"عالية","متوسطة"))
A40: 1-1-9 | B40: 1. إدارة البرنامج وضمان جودته | C40: تتبنى إدارة البرنامج آلية واضحة وإجراءات معتمدة من قِبل المؤسسة/الكلية للشكاوى والتظلم والقضايا التأديبية. | E40: 1 | F40: سياسات وآليات الشكاوى والتظلم المعتمدة سواء للطالب أو أعضاء هيئة التدريس. | G40: الدليل الاسترشادي | H40: =IFERROR(INDEX('الإعدادات واللجنة'!$C$24:$C$32,MATCH(LEFT(A40,3),'الإعدادات واللجنة'!$A$24:$A$32,0)),"") -> د. سلطان بن سعيد الشمراني | K40: =IF(OR(I40="",I40="متوفر ومكتمل"),"",IF(OR(D40="★",I40="غير متوفر"),"عالية","متوسطة"))
A41: 1-1-9 | B41: 1. إدارة البرنامج وضمان جودته | E41: 2 | F41: نماذج من محاضر الرفع بالشكاوى والتظلمات وقرارات الرد عليها. | G41: الدليل الاسترشادي | H41: =IFERROR(INDEX('الإعدادات واللجنة'!$C$24:$C$32,MATCH(LEFT(A41,3),'الإعدادات واللجنة'!$A$24:$A$32,0)),"") -> د. سلطان بن سعيد الشمراني | K41: =IF(OR(I41="",I41="متوفر ومكتمل"),"",IF(OR(D41="★",I41="غير متوفر"),"عالية","متوسطة"))
A42: 1-1-9 | B42: 1. إدارة البرنامج وضمان جودته | E42: 3 | F42: نماذج من قرارات لجان التأديب. | G42: الدليل الاسترشادي | H42: =IFERROR(INDEX('الإعدادات واللجنة'!$C$24:$C$32,MATCH(LEFT(A42,3),'الإعدادات واللجنة'!$A$24:$A$32,0)),"") -> د. سلطان بن سعيد الشمراني | K42: =IF(OR(I42="",I42="متوفر ومكتمل"),"",IF(OR(D42="★",I42="غير متوفر"),"عالية","متوسطة"))
A43: 1-1-9 | B43: 1. إدارة البرنامج وضمان جودته | E43: 4 | F43: استطلاعات رأي المستفيدين حول عدالة التعامل مع الشكاوى والتظلمات. | G43: الدليل الاسترشادي | H43: =IFERROR(INDEX('الإعدادات واللجنة'!$C$24:$C$32,MATCH(LEFT(A43,3),'الإعدادات واللجنة'!$A$24:$A$32,0)),"") -> د. سلطان بن سعيد الشمراني | K43: =IF(OR(I43="",I43="متوفر ومكتمل"),"",IF(OR(D43="★",I43="غير متوفر"),"عالية","متوسطة"))
A44: 1-2-1 | B44: 1. إدارة البرنامج وضمان جودته | C44: تتبنى إدارة البرنامج نظاماً إدارياً كاملاً ومعلناً لضمان الجودة، ينسجم مع نظام الجودة المؤسسي. | E44: 1 | F44: دليل ضمان الجودة بالبرنامج. | G44: الدليل الاسترشادي | H44: =IFERROR(INDEX('الإعدادات واللجنة'!$C$24:$C$32,MATCH(LEFT(A44,3),'الإعدادات واللجنة'!$A$24:$A$32,0)),"") -> د. حسن بن سعد القحطاني | K44: =IF(OR(I44="",I44="متوفر ومكتمل"),"",IF(OR(D44="★",I44="غير متوفر"),"عالية","متوسطة"))
A45: 1-2-1 | B45: 1. إدارة البرنامج وضمان جودته | E45: 2 | F45: دليل ضمان الجودة بالجامعة. | G45: الدليل الاسترشادي | H45: =IFERROR(INDEX('الإعدادات واللجنة'!$C$24:$C$32,MATCH(LEFT(A45,3),'الإعدادات واللجنة'!$A$24:$A$32,0)),"") -> د. حسن بن سعد القحطاني | K45: =IF(OR(I45="",I45="متوفر ومكتمل"),"",IF(OR(D45="★",I45="غير متوفر"),"عالية","متوسطة"))
A46: 1-2-1 | B46: 1. إدارة البرنامج وضمان جودته | E46: 3 | F46: الهيكل التنظيمي الموثق والمعلن للبرنامج متضمناً اللجان العاملة به. | G46: الدليل الاسترشادي | H46: =IFERROR(INDEX('الإعدادات واللجنة'!$C$24:$C$32,MATCH(LEFT(A46,3),'الإعدادات واللجنة'!$A$24:$A$32,0)),"") -> د. حسن بن سعد القحطاني | K46: =IF(OR(I46="",I46="متوفر ومكتمل"),"",IF(OR(D46="★",I46="غير متوفر"),"عالية","متوسطة"))
A47: 1-2-1 | B47: 1. إدارة البرنامج وضمان جودته | E47: 4 | F47: قرارات تشكيل لجان الجودة بالبرنامج. | G47: الدليل الاسترشادي | H47: =IFERROR(INDEX('الإعدادات واللجنة'!$C$24:$C$32,MATCH(LEFT(A47,3),'الإعدادات واللجنة'!$A$24:$A$32,0)),"") -> د. حسن بن سعد القحطاني | K47: =IF(OR(I47="",I47="متوفر ومكتمل"),"",IF(OR(D47="★",I47="غير متوفر"),"عالية","متوسطة"))
A48: 1-2-2 | B48: 1. إدارة البرنامج وضمان جودته | C48: يقوم البرنامج بتحليل مؤشرات الأداء الرئيسة وبيانات التقويم سنوياً، ويُستفاد منها في عمليات التخطيط والتطوير واتخاذ القرارات. | D48: ★ | E48: 1 | F48: تقارير قياس مؤشرات الأداء الرئيسة وتشمل المقارنات المرجعية. | G48: الدليل الاسترشادي | H48: =IFERROR(INDEX('الإعدادات واللجنة'!$C$24:$C$32,MATCH(LEFT(A48,3),'الإعدادات واللجنة'!$A$24:$A$32,0)),"") -> د. حسن بن سعد القحطاني | K48: =IF(OR(I48="",I48="متوفر ومكتمل"),"",IF(OR(D48="★",I48="غير متوفر"),"عالية","متوسطة"))
A49: 1-2-2 | B49: 1. إدارة البرنامج وضمان جودته | D49: ★ | E49: 2 | F49: مناقشة تقارير قياس مؤشرات الأداء في مجلس القسم والخطط التحسينية والقرارات المبنية عليها. | G49: الدليل الاسترشادي | H49: =IFERROR(INDEX('الإعدادات واللجنة'!$C$24:$C$32,MATCH(LEFT(A49,3),'الإعدادات واللجنة'!$A$24:$A$32,0)),"") -> د. حسن بن سعد القحطاني | K49: =IF(OR(I49="",I49="متوفر ومكتمل"),"",IF(OR(D49="★",I49="غير متوفر"),"عالية","متوسطة"))
A50: 1-2-2 | B50: 1. إدارة البرنامج وضمان جودته | D50: ★ | E50: 3 | F50: معايير البرنامج/المؤسسة لاختيار جهات المقارنة المرجعية. | G50: الدليل الاسترشادي | H50: =IFERROR(INDEX('الإعدادات واللجنة'!$C$24:$C$32,MATCH(LEFT(A50,3),'الإعدادات واللجنة'!$A$24:$A$32,0)),"") -> د. حسن بن سعد القحطاني | K50: =IF(OR(I50="",I50="متوفر ومكتمل"),"",IF(OR(D50="★",I50="غير متوفر"),"عالية","متوسطة"))
A51: 1-2-3 | B51: 1. إدارة البرنامج وضمان جودته | C51: يُجري البرنامج تقويماً دورياً شاملاً ووفق خطة للتحسين ويتابع تنفيذها. | E51: 1 | F51: سياسات إجراء التقويم الدوري الشامل للبرنامج. | G51: الدليل الاسترشادي | H51: =IFERROR(INDEX('الإعدادات واللجنة'!$C$24:$C$32,MATCH(LEFT(A51,3),'الإعدادات واللجنة'!$A$24:$A$32,0)),"") -> د. حسن بن سعد القحطاني | K51: =IF(OR(I51="",I51="متوفر ومكتمل"),"",IF(OR(D51="★",I51="غير متوفر"),"عالية","متوسطة"))
A52: 1-2-3 | B52: 1. إدارة البرنامج وضمان جودته | E52: 2 | F52: تشكيلات لجان تنفيذ عمليات التقويم الدوري الشامل للبرنامج. | G52: الدليل الاسترشادي | H52: =IFERROR(INDEX('الإعدادات واللجنة'!$C$24:$C$32,MATCH(LEFT(A52,3),'الإعدادات واللجنة'!$A$24:$A$32,0)),"") -> د. حسن بن سعد القحطاني | K52: =IF(OR(I52="",I52="متوفر ومكتمل"),"",IF(OR(D52="★",I52="غير متوفر"),"عالية","متوسطة"))
A53: 1-2-3 | B53: 1. إدارة البرنامج وضمان جودته | E53: 3 | F53: تقارير التقويم الدوري الشامل للبرنامج مع الخطط التحسينية. | G53: الدليل الاسترشادي | H53: =IFERROR(INDEX('الإعدادات واللجنة'!$C$24:$C$32,MATCH(LEFT(A53,3),'الإعدادات واللجنة'!$A$24:$A$32,0)),"") -> د. حسن بن سعد القحطاني | K53: =IF(OR(I53="",I53="متوفر ومكتمل"),"",IF(OR(D53="★",I53="غير متوفر"),"عالية","متوسطة"))
A54: 1-2-3 | B54: 1. إدارة البرنامج وضمان جودته | E54: 4 | F54: مناقشة نتائج عملية التقويم الشامل في مجلس القسم. | G54: الدليل الاسترشادي | H54: =IFERROR(INDEX('الإعدادات واللجنة'!$C$24:$C$32,MATCH(LEFT(A54,3),'الإعدادات واللجنة'!$A$24:$A$32,0)),"") -> د. حسن بن سعد القحطاني | K54: =IF(OR(I54="",I54="متوفر ومكتمل"),"",IF(OR(D54="★",I54="غير متوفر"),"عالية","متوسطة"))
A55: 1-2-3 | B55: 1. إدارة البرنامج وضمان جودته | E55: 5 | F55: تقرير الدراسة الذاتية السابقة (إن وجد). | G55: الدليل الاسترشادي | H55: =IFERROR(INDEX('الإعدادات واللجنة'!$C$24:$C$32,MATCH(LEFT(A55,3),'الإعدادات واللجنة'!$A$24:$A$32,0)),"") -> د. حسن بن سعد القحطاني | K55: =IF(OR(I55="",I55="متوفر ومكتمل"),"",IF(OR(D55="★",I55="غير متوفر"),"عالية","متوسطة"))
A56: 1-2-3 | B56: 1. إدارة البرنامج وضمان جودته | E56: 6 | F56: تقارير متابعة الخطط التحسينية للبرنامج. | G56: الدليل الاسترشادي | H56: =IFERROR(INDEX('الإعدادات واللجنة'!$C$24:$C$32,MATCH(LEFT(A56,3),'الإعدادات واللجنة'!$A$24:$A$32,0)),"") -> د. حسن بن سعد القحطاني | K56: =IF(OR(I56="",I56="متوفر ومكتمل"),"",IF(OR(D56="★",I56="غير متوفر"),"عالية","متوسطة"))
A57: 2-1-1 | B57: 2. التعليم والتعلم | C57: تُحدَّد نواتج تعلم البرنامج المستهدفة وتتواءم مع خصائص الخريجين على المستوى المؤسسي، ويتم اعتمادها من مجلس القسم والكلية ومراجعتها دورياً. | E57: 1 | F57: توصيف البرنامج (يشمل نواتج تعلم البرنامج) معتمد من مجلس القسم والكلية. | G57: الدليل الاسترشادي | H57: =IFERROR(INDEX('الإعدادات واللجنة'!$C$24:$C$32,MATCH(LEFT(A57,3),'الإعدادات واللجنة'!$A$24:$A$32,0)),"") -> د. احمد بن عوض البشري | K57: =IF(OR(I57="",I57="متوفر ومكتمل"),"",IF(OR(D57="★",I57="غير متوفر"),"عالية","متوسطة"))
A58: 2-1-1 | B58: 2. التعليم والتعلم | E58: 2 | F58: الدليل الإجرائي لصياغة وقياس نواتج التعلم على مستوى البرنامج / المؤسسة. | G58: الدليل الاسترشادي | H58: =IFERROR(INDEX('الإعدادات واللجنة'!$C$24:$C$32,MATCH(LEFT(A58,3),'الإعدادات واللجنة'!$A$24:$A$32,0)),"") -> د. احمد بن عوض البشري | K58: =IF(OR(I58="",I58="متوفر ومكتمل"),"",IF(OR(D58="★",I58="غير متوفر"),"عالية","متوسطة"))
A59: 2-1-1 | B59: 2. التعليم والتعلم | E59: 3 | F59: مصفوفة الاتساق بين نواتج تعلم البرنامج والمعايير الأكاديمية التخصصية (الاختبارات المعيارية – جاهزية أو ما يكافئها). | G59: الدليل الاسترشادي | H59: =IFERROR(INDEX('الإعدادات واللجنة'!$C$24:$C$32,MATCH(LEFT(A59,3),'الإعدادات واللجنة'!$A$24:$A$32,0)),"") -> د. احمد بن عوض البشري | K59: =IF(OR(I59="",I59="متوفر ومكتمل"),"",IF(OR(D59="★",I59="غير متوفر"),"عالية","متوسطة"))
A60: 2-1-1 | B60: 2. التعليم والتعلم | E60: 4 | F60: مصفوفة الاتساق بين نواتج تعلم البرنامج ورسالته. | G60: الدليل الاسترشادي | H60: =IFERROR(INDEX('الإعدادات واللجنة'!$C$24:$C$32,MATCH(LEFT(A60,3),'الإعدادات واللجنة'!$A$24:$A$32,0)),"") -> د. احمد بن عوض البشري | K60: =IF(OR(I60="",I60="متوفر ومكتمل"),"",IF(OR(D60="★",I60="غير متوفر"),"عالية","متوسطة"))
A61: 2-1-1 | B61: 2. التعليم والتعلم | E61: 5 | F61: مصفوفة الاتساق بين نواتج تعلم البرنامج وخصائص خريجي الجامعة. | G61: الدليل الاسترشادي | H61: =IFERROR(INDEX('الإعدادات واللجنة'!$C$24:$C$32,MATCH(LEFT(A61,3),'الإعدادات واللجنة'!$A$24:$A$32,0)),"") -> د. احمد بن عوض البشري | K61: =IF(OR(I61="",I61="متوفر ومكتمل"),"",IF(OR(D61="★",I61="غير متوفر"),"عالية","متوسطة"))
A62: 2-1-1 | B62: 2. التعليم والتعلم | E62: 6 | F62: استطلاعات رأي الطلاب والخريجين وجهات التوظيف حول مدى وضوح نواتج التعلم. | G62: الدليل الاسترشادي | H62: =IFERROR(INDEX('الإعدادات واللجنة'!$C$24:$C$32,MATCH(LEFT(A62,3),'الإعدادات واللجنة'!$A$24:$A$32,0)),"") -> د. احمد بن عوض البشري | K62: =IF(OR(I62="",I62="متوفر ومكتمل"),"",IF(OR(D62="★",I62="غير متوفر"),"عالية","متوسطة"))
A63: 2-1-1 | B63: 2. التعليم والتعلم | E63: 7 | F63: تقارير اللجان المعنية التي تفيد مراجعة نواتج التعلم. | G63: الدليل الاسترشادي | H63: =IFERROR(INDEX('الإعدادات واللجنة'!$C$24:$C$32,MATCH(LEFT(A63,3),'الإعدادات واللجنة'!$A$24:$A$32,0)),"") -> د. احمد بن عوض البشري | K63: =IF(OR(I63="",I63="متوفر ومكتمل"),"",IF(OR(D63="★",I63="غير متوفر"),"عالية","متوسطة"))
A64: 2-1-1 | B64: 2. التعليم والتعلم | E64: 8 | F64: عينة من وسائل إعلان نواتج التعلم مثل الموقع الإلكتروني للبرنامج وكتيب البرنامج. | G64: الدليل الاسترشادي | H64: =IFERROR(INDEX('الإعدادات واللجنة'!$C$24:$C$32,MATCH(LEFT(A64,3),'الإعدادات واللجنة'!$A$24:$A$32,0)),"") -> د. احمد بن عوض البشري | K64: =IF(OR(I64="",I64="متوفر ومكتمل"),"",IF(OR(D64="★",I64="غير متوفر"),"عالية","متوسطة"))
A65: 2-1-1 | B65: 2. التعليم والتعلم | E65: 9 | F65: سياسات إجراء التقويم الدوري الشامل للبرنامج (وتشمل السياسات والإجراءات المعتمدة للمراجعة الدورية لنواتج تعلم البرنامج). | G65: الدليل الاسترشادي | H65: =IFERROR(INDEX('الإعدادات واللجنة'!$C$24:$C$32,MATCH(LEFT(A65,3),'الإعدادات واللجنة'!$A$24:$A$32,0)),"") -> د. احمد بن عوض البشري | K65: =IF(OR(I65="",I65="متوفر ومكتمل"),"",IF(OR(D65="★",I65="غير متوفر"),"عالية","متوسطة"))
A66: 2-1-1 | B66: 2. التعليم والتعلم | E66: 10 | F66: تقرير توافق نواتج تعلم البرنامج مع الإطار الوطني للمؤهلات (نموذج الاتساق مع الإطار الوطني للمؤهلات). | G66: الدليل الاسترشادي | H66: =IFERROR(INDEX('الإعدادات واللجنة'!$C$24:$C$32,MATCH(LEFT(A66,3),'الإعدادات واللجنة'!$A$24:$A$32,0)),"") -> د. احمد بن عوض البشري | K66: =IF(OR(I66="",I66="متوفر ومكتمل"),"",IF(OR(D66="★",I66="غير متوفر"),"عالية","متوسطة"))
A67: 2-1-2 | B67: 2. التعليم والتعلم | C67: تتوافق نواتج التعلم مع متطلبات الإطار الوطني للمؤهلات والمعايير التخصصية ومتطلبات سوق العمل. | D67: ★ | E67: 1 | F67: مصفوفة الاتساق بين نواتج تعلم البرنامج والمعايير التخصصية. | G67: الدليل الاسترشادي | H67: =IFERROR(INDEX('الإعدادات واللجنة'!$C$24:$C$32,MATCH(LEFT(A67,3),'الإعدادات واللجنة'!$A$24:$A$32,0)),"") -> د. احمد بن عوض البشري | K67: =IF(OR(I67="",I67="متوفر ومكتمل"),"",IF(OR(D67="★",I67="غير متوفر"),"عالية","متوسطة"))
A68: 2-1-2 | B68: 2. التعليم والتعلم | D68: ★ | E68: 2 | F68: تقارير استطلاعات رأي جهات التوظيف حول توافق نواتج التعلم مع متطلبات سوق العمل. | G68: الدليل الاسترشادي | H68: =IFERROR(INDEX('الإعدادات واللجنة'!$C$24:$C$32,MATCH(LEFT(A68,3),'الإعدادات واللجنة'!$A$24:$A$32,0)),"") -> د. احمد بن عوض البشري | K68: =IF(OR(I68="",I68="متوفر ومكتمل"),"",IF(OR(D68="★",I68="غير متوفر"),"عالية","متوسطة"))
A69: 2-1-2 | B69: 2. التعليم والتعلم | D69: ★ | E69: 3 | F69: نماذج من محاضر لجان ومجلس القسم لمناقشة توافق خصائص الخريجين ونواتج التعلم مع متطلبات سوق العمل. | G69: الدليل الاسترشادي | H69: =IFERROR(INDEX('الإعدادات واللجنة'!$C$24:$C$32,MATCH(LEFT(A69,3),'الإعدادات واللجنة'!$A$24:$A$32,0)),"") -> د. احمد بن عوض البشري | K69: =IF(OR(I69="",I69="متوفر ومكتمل"),"",IF(OR(D69="★",I69="غير متوفر"),"عالية","متوسطة"))
A70: 2-1-3 | B70: 2. التعليم والتعلم | C70: يحدد البرنامج نواتج تعلم للمسارات المختلفة (إن وجدت). | E70: 1 | F70: توصيف البرنامج (يشمل نواتج تعلم المسارات المختلفة بالبرنامج إن وجدت) معتمد من مجلس القسم والكلية. | G70: الدليل الاسترشادي | H70: =IFERROR(INDEX('الإعدادات واللجنة'!$C$24:$C$32,MATCH(LEFT(A70,3),'الإعدادات واللجنة'!$A$24:$A$32,0)),"") -> د. احمد بن عوض البشري | K70: =IF(OR(I70="",I70="متوفر ومكتمل"),"",IF(OR(D70="★",I70="غير متوفر"),"عالية","متوسطة"))
A71: 2-1-3 | B71: 2. التعليم والتعلم | E71: 2 | F71: مصفوفة الاتساق بين نواتج التعلم المحددة بالمسارات المختلفة (إن وجدت) وخصائص خريجي الجامعة. | G71: الدليل الاسترشادي | H71: =IFERROR(INDEX('الإعدادات واللجنة'!$C$24:$C$32,MATCH(LEFT(A71,3),'الإعدادات واللجنة'!$A$24:$A$32,0)),"") -> د. احمد بن عوض البشري | K71: =IF(OR(I71="",I71="متوفر ومكتمل"),"",IF(OR(D71="★",I71="غير متوفر"),"عالية","متوسطة"))
A72: 2-1-3 | B72: 2. التعليم والتعلم | E72: 3 | F72: استطلاعات الرأي المتعلقة بإشراك المستفيدين في تحديد نواتج التعلم في المسارات المختلفة. | G72: الدليل الاسترشادي | H72: =IFERROR(INDEX('الإعدادات واللجنة'!$C$24:$C$32,MATCH(LEFT(A72,3),'الإعدادات واللجنة'!$A$24:$A$32,0)),"") -> د. احمد بن عوض البشري | K72: =IF(OR(I72="",I72="متوفر ومكتمل"),"",IF(OR(D72="★",I72="غير متوفر"),"عالية","متوسطة"))
A73: 2-1-3 | B73: 2. التعليم والتعلم | E73: 4 | F73: تقرير استطلاعات الرأي حول رضا المستفيدين عن مدى وضوح نواتج التعلم في المسارات المحددة بالبرنامج. | G73: الدليل الاسترشادي | H73: =IFERROR(INDEX('الإعدادات واللجنة'!$C$24:$C$32,MATCH(LEFT(A73,3),'الإعدادات واللجنة'!$A$24:$A$32,0)),"") -> د. احمد بن عوض البشري | K73: =IF(OR(I73="",I73="متوفر ومكتمل"),"",IF(OR(D73="★",I73="غير متوفر"),"عالية","متوسطة"))
A74: 2-1-4 | B74: 2. التعليم والتعلم | C74: يطبق البرنامج آليات وأدوات مناسبة لقياس نواتج التعلم والتحقق من استيفائها وفق مستويات أداء وخطط تقييم محددة. | D74: ★ | E74: 1 | F74: الدليل الإجرائي لصياغة وقياس نواتج التعلم على مستوى البرنامج / المؤسسة. | G74: الدليل الاسترشادي | H74: =IFERROR(INDEX('الإعدادات واللجنة'!$C$24:$C$32,MATCH(LEFT(A74,3),'الإعدادات واللجنة'!$A$24:$A$32,0)),"") -> د. احمد بن عوض البشري | K74: =IF(OR(I74="",I74="متوفر ومكتمل"),"",IF(OR(D74="★",I74="غير متوفر"),"عالية","متوسطة"))
A75: 2-1-4 | B75: 2. التعليم والتعلم | D75: ★ | E75: 2 | F75: خطة قياس نواتج تعلم البرنامج. | G75: الدليل الاسترشادي | H75: =IFERROR(INDEX('الإعدادات واللجنة'!$C$24:$C$32,MATCH(LEFT(A75,3),'الإعدادات واللجنة'!$A$24:$A$32,0)),"") -> د. احمد بن عوض البشري | K75: =IF(OR(I75="",I75="متوفر ومكتمل"),"",IF(OR(D75="★",I75="غير متوفر"),"عالية","متوسطة"))
A76: 2-1-4 | B76: 2. التعليم والتعلم | D76: ★ | E76: 3 | F76: تقرير البرنامج لآخر عامين موضحاً به تقييم نواتج التعلم وخطط التحسين المرتبطة بتقييم نواتج التعلم. | G76: الدليل الاسترشادي | H76: =IFERROR(INDEX('الإعدادات واللجنة'!$C$24:$C$32,MATCH(LEFT(A76,3),'الإعدادات واللجنة'!$A$24:$A$32,0)),"") -> د. احمد بن عوض البشري | K76: =IF(OR(I76="",I76="متوفر ومكتمل"),"",IF(OR(D76="★",I76="غير متوفر"),"عالية","متوسطة"))
A77: 2-1-4 | B77: 2. التعليم والتعلم | D77: ★ | E77: 4 | F77: تقارير قياس نواتج تعلم البرنامج والخطة التحسينية. | G77: الدليل الاسترشادي | H77: =IFERROR(INDEX('الإعدادات واللجنة'!$C$24:$C$32,MATCH(LEFT(A77,3),'الإعدادات واللجنة'!$A$24:$A$32,0)),"") -> د. احمد بن عوض البشري | K77: =IF(OR(I77="",I77="متوفر ومكتمل"),"",IF(OR(D77="★",I77="غير متوفر"),"عالية","متوسطة"))
A78: 2-1-5 | B78: 2. التعليم والتعلم | C78: يتبنى البرنامج استراتيجيات واضحة ومعتمدة للتعليم والتعلم والتقييم تحقق فلسفته التعليمية وتكفل تحقيق نواتج التعلم في البرنامج. | E78: 1 | F78: توصيف البرنامج (يشمل استراتيجيات التعليم والتعلم وطرق تقويم نواتج التعلم للبرنامج) معتمد من مجلس القسم والكلية. | G78: الدليل الاسترشادي | H78: =IFERROR(INDEX('الإعدادات واللجنة'!$C$24:$C$32,MATCH(LEFT(A78,3),'الإعدادات واللجنة'!$A$24:$A$32,0)),"") -> د. احمد بن عوض البشري | K78: =IF(OR(I78="",I78="متوفر ومكتمل"),"",IF(OR(D78="★",I78="غير متوفر"),"عالية","متوسطة"))
A79: 2-1-5 | B79: 2. التعليم والتعلم | E79: 2 | F79: نماذج من تقارير المقررات والبرنامج تظهر الخطط التطويرية بها والمبنية على نتائج تقييم تحقق نواتج التعلم. | G79: الدليل الاسترشادي | H79: =IFERROR(INDEX('الإعدادات واللجنة'!$C$24:$C$32,MATCH(LEFT(A79,3),'الإعدادات واللجنة'!$A$24:$A$32,0)),"") -> د. احمد بن عوض البشري | K79: =IF(OR(I79="",I79="متوفر ومكتمل"),"",IF(OR(D79="★",I79="غير متوفر"),"عالية","متوسطة"))
A80: 2-1-5 | B80: 2. التعليم والتعلم | E80: 3 | F80: الدورات التدريبية المقدمة لأعضاء هيئة التدريس حول استراتيجيات التدريس وأساليب التقويم. | G80: الدليل الاسترشادي | H80: =IFERROR(INDEX('الإعدادات واللجنة'!$C$24:$C$32,MATCH(LEFT(A80,3),'الإعدادات واللجنة'!$A$24:$A$32,0)),"") -> د. احمد بن عوض البشري | K80: =IF(OR(I80="",I80="متوفر ومكتمل"),"",IF(OR(D80="★",I80="غير متوفر"),"عالية","متوسطة"))
A81: 2-1-5 | B81: 2. التعليم والتعلم | E81: 4 | F81: استطلاع رأي الطلاب حول استراتيجيات التعليم والتعلم وأساليب التقييم. | G81: الدليل الاسترشادي | H81: =IFERROR(INDEX('الإعدادات واللجنة'!$C$24:$C$32,MATCH(LEFT(A81,3),'الإعدادات واللجنة'!$A$24:$A$32,0)),"") -> د. احمد بن عوض البشري | K81: =IF(OR(I81="",I81="متوفر ومكتمل"),"",IF(OR(D81="★",I81="غير متوفر"),"عالية","متوسطة"))
A82: 2-2-1 | B82: 2. التعليم والتعلم | C82: يراعي المنهج الدراسي تحقيق أهداف البرنامج ونواتجه التعليمية والتطورات العلمية والتقنية والمهنية في مجال التخصص، ويُراجع بصورة دورية. | D82: ★ | E82: 1 | F82: الدليل الإجرائي لاستحداث وتطوير البرامج والخطط الدراسية. | G82: الدليل الاسترشادي | H82: =IFERROR(INDEX('الإعدادات واللجنة'!$C$24:$C$32,MATCH(LEFT(A82,3),'الإعدادات واللجنة'!$A$24:$A$32,0)),"") -> د. احمد بن عوض البشري | K82: =IF(OR(I82="",I82="متوفر ومكتمل"),"",IF(OR(D82="★",I82="غير متوفر"),"عالية","متوسطة"))
A83: 2-2-1 | B83: 2. التعليم والتعلم | D83: ★ | E83: 2 | F83: توصيف البرنامج (يشمل مصفوفة الربط بين كل من نواتج تعلم البرنامج والمقررات) معتمد من مجلس القسم والكلية. | G83: الدليل الاسترشادي | H83: =IFERROR(INDEX('الإعدادات واللجنة'!$C$24:$C$32,MATCH(LEFT(A83,3),'الإعدادات واللجنة'!$A$24:$A$32,0)),"") -> د. احمد بن عوض البشري | K83: =IF(OR(I83="",I83="متوفر ومكتمل"),"",IF(OR(D83="★",I83="غير متوفر"),"عالية","متوسطة"))
A84: 2-2-1 | B84: 2. التعليم والتعلم | D84: ★ | E84: 3 | F84: توصيفات المقررات موضحاً بها أحدث الكتب والمراجع المقررة في مجال التخصص. | G84: الدليل الاسترشادي | H84: =IFERROR(INDEX('الإعدادات واللجنة'!$C$24:$C$32,MATCH(LEFT(A84,3),'الإعدادات واللجنة'!$A$24:$A$32,0)),"") -> د. احمد بن عوض البشري | K84: =IF(OR(I84="",I84="متوفر ومكتمل"),"",IF(OR(D84="★",I84="غير متوفر"),"عالية","متوسطة"))
A85: 2-2-1 | B85: 2. التعليم والتعلم | D85: ★ | E85: 4 | F85: محاضر اجتماع اللجنة الاستشارية واللجان المعنية ومجلس القسم التي ناقشت تطوير الخطة الدراسية. | G85: الدليل الاسترشادي | H85: =IFERROR(INDEX('الإعدادات واللجنة'!$C$24:$C$32,MATCH(LEFT(A85,3),'الإعدادات واللجنة'!$A$24:$A$32,0)),"") -> د. احمد بن عوض البشري | K85: =IF(OR(I85="",I85="متوفر ومكتمل"),"",IF(OR(D85="★",I85="غير متوفر"),"عالية","متوسطة"))
A86: 2-2-1 | B86: 2. التعليم والتعلم | D86: ★ | E86: 5 | F86: استطلاعات رأي الخريجين وأرباب العمل حول مواكبة نواتج تعلم البرنامج للتطورات العلمية والتقنية والمهنية. | G86: الدليل الاسترشادي | H86: =IFERROR(INDEX('الإعدادات واللجنة'!$C$24:$C$32,MATCH(LEFT(A86,3),'الإعدادات واللجنة'!$A$24:$A$32,0)),"") -> د. احمد بن عوض البشري | K86: =IF(OR(I86="",I86="متوفر ومكتمل"),"",IF(OR(D86="★",I86="غير متوفر"),"عالية","متوسطة"))
A87: 2-2-1 | B87: 2. التعليم والتعلم | D87: ★ | E87: 6 | F87: نماذج من محاضر مراجعة توصيف البرنامج وتوصيف المقررات متضمنة التطورات التي تم إقرارها. | G87: الدليل الاسترشادي | H87: =IFERROR(INDEX('الإعدادات واللجنة'!$C$24:$C$32,MATCH(LEFT(A87,3),'الإعدادات واللجنة'!$A$24:$A$32,0)),"") -> د. احمد بن عوض البشري | K87: =IF(OR(I87="",I87="متوفر ومكتمل"),"",IF(OR(D87="★",I87="غير متوفر"),"عالية","متوسطة"))
A88: 2-2-2 | B88: 2. التعليم والتعلم | C88: تحقق الخطة الدراسية التوازن بين المتطلبات العامة ومتطلبات التخصص، وبين الجوانب النظرية والتطبيقية، كما تراعي التتابع والتكامل بين المقررات الدراسية. | D88: ★ | E88: 1 | F88: مصفوفة التوازن بين المتطلبات العامة (الكلية) ومتطلبات التخصص في الخطة الدراسية للبرنامج. | G88: الدليل الاسترشادي | H88: =IFERROR(INDEX('الإعدادات واللجنة'!$C$24:$C$32,MATCH(LEFT(A88,3),'الإعدادات واللجنة'!$A$24:$A$32,0)),"") -> د. احمد بن عوض البشري | K88: =IF(OR(I88="",I88="متوفر ومكتمل"),"",IF(OR(D88="★",I88="غير متوفر"),"عالية","متوسطة"))
A89: 2-2-2 | B89: 2. التعليم والتعلم | D89: ★ | E89: 2 | F89: مصفوفة التوازن بين الجوانب النظرية والتطبيقية في الخطة الدراسية للبرنامج وفق المقارنة المرجعية الخارجية. | G89: الدليل الاسترشادي | H89: =IFERROR(INDEX('الإعدادات واللجنة'!$C$24:$C$32,MATCH(LEFT(A89,3),'الإعدادات واللجنة'!$A$24:$A$32,0)),"") -> د. احمد بن عوض البشري | K89: =IF(OR(I89="",I89="متوفر ومكتمل"),"",IF(OR(D89="★",I89="غير متوفر"),"عالية","متوسطة"))
A90: 2-2-2 | B90: 2. التعليم والتعلم | D90: ★ | E90: 3 | F90: محاضر اجتماع اللجنة الاستشارية واللجان المعنية ومجلس القسم التي ناقشت تطوير الخطة الدراسية. | G90: الدليل الاسترشادي | H90: =IFERROR(INDEX('الإعدادات واللجنة'!$C$24:$C$32,MATCH(LEFT(A90,3),'الإعدادات واللجنة'!$A$24:$A$32,0)),"") -> د. احمد بن عوض البشري | K90: =IF(OR(I90="",I90="متوفر ومكتمل"),"",IF(OR(D90="★",I90="غير متوفر"),"عالية","متوسطة"))
A91: 2-2-2 | B91: 2. التعليم والتعلم | D91: ★ | E91: 4 | F91: تقييم مراجع مستقل حول التوازن والتتابع والتكامل في الخطة الدراسية للبرنامج. | G91: الدليل الاسترشادي | H91: =IFERROR(INDEX('الإعدادات واللجنة'!$C$24:$C$32,MATCH(LEFT(A91,3),'الإعدادات واللجنة'!$A$24:$A$32,0)),"") -> د. احمد بن عوض البشري | K91: =IF(OR(I91="",I91="متوفر ومكتمل"),"",IF(OR(D91="★",I91="غير متوفر"),"عالية","متوسطة"))
A92: 2-2-3 | B92: 2. التعليم والتعلم | C92: يراعى في بناء الخطة الدراسية للبرنامج تحديد متطلبات نقاط الخروج (إن وجدت) طبقاً للممارسات العالمية والبرامج المناظرة. | E92: 1 | F92: تقرير مختصر معتمد يوضح نسب التوازن بين الجوانب النظرية والتطبيقية في خطة البرنامج. | G92: الدليل الاسترشادي | H92: =IFERROR(INDEX('الإعدادات واللجنة'!$C$24:$C$32,MATCH(LEFT(A92,3),'الإعدادات واللجنة'!$A$24:$A$32,0)),"") -> د. احمد بن عوض البشري | K92: =IF(OR(I92="",I92="متوفر ومكتمل"),"",IF(OR(D92="★",I92="غير متوفر"),"عالية","متوسطة"))
A93: 2-2-3 | B93: 2. التعليم والتعلم | E93: 2 | F93: دليل البرنامج موضحاً به مسارات البرنامج ونقاط التخرج. | G93: الدليل الاسترشادي | H93: =IFERROR(INDEX('الإعدادات واللجنة'!$C$24:$C$32,MATCH(LEFT(A93,3),'الإعدادات واللجنة'!$A$24:$A$32,0)),"") -> د. احمد بن عوض البشري | K93: =IF(OR(I93="",I93="متوفر ومكتمل"),"",IF(OR(D93="★",I93="غير متوفر"),"عالية","متوسطة"))
A94: 2-2-3 | B94: 2. التعليم والتعلم | E94: 3 | F94: المقارنات المرجعية التي تم الاستناد عليها في بناء نقاط الخروج. | G94: الدليل الاسترشادي | H94: =IFERROR(INDEX('الإعدادات واللجنة'!$C$24:$C$32,MATCH(LEFT(A94,3),'الإعدادات واللجنة'!$A$24:$A$32,0)),"") -> د. احمد بن عوض البشري | K94: =IF(OR(I94="",I94="متوفر ومكتمل"),"",IF(OR(D94="★",I94="غير متوفر"),"عالية","متوسطة"))
A95: 2-2-3 | B95: 2. التعليم والتعلم | E95: 4 | F95: توصيف البرنامج موضحاً به نقاط الخروج (إن وجدت). | G95: الدليل الاسترشادي | H95: =IFERROR(INDEX('الإعدادات واللجنة'!$C$24:$C$32,MATCH(LEFT(A95,3),'الإعدادات واللجنة'!$A$24:$A$32,0)),"") -> د. احمد بن عوض البشري | K95: =IF(OR(I95="",I95="متوفر ومكتمل"),"",IF(OR(D95="★",I95="غير متوفر"),"عالية","متوسطة"))
A96: 2-2-4 | B96: 2. التعليم والتعلم | C96: ترتبط نواتج التعلم بالمقررات بنواتج التعلم بالبرنامج (مصفوفة توزيع نواتج تعلم البرنامج على المقررات). | E96: 1 | F96: توصيف البرنامج (يشمل مصفوفة الربط بين كل من نواتج تعلم البرنامج والمقررات) معتمد من مجلس القسم والكلية. | G96: الدليل الاسترشادي | H96: =IFERROR(INDEX('الإعدادات واللجنة'!$C$24:$C$32,MATCH(LEFT(A96,3),'الإعدادات واللجنة'!$A$24:$A$32,0)),"") -> د. احمد بن عوض البشري | K96: =IF(OR(I96="",I96="متوفر ومكتمل"),"",IF(OR(D96="★",I96="غير متوفر"),"عالية","متوسطة"))
A97: 2-2-4 | B97: 2. التعليم والتعلم | E97: 2 | F97: توصيف الخبرة الميدانية (إن وجد). | G97: الدليل الاسترشادي | H97: =IFERROR(INDEX('الإعدادات واللجنة'!$C$24:$C$32,MATCH(LEFT(A97,3),'الإعدادات واللجنة'!$A$24:$A$32,0)),"") -> د. احمد بن عوض البشري | K97: =IF(OR(I97="",I97="متوفر ومكتمل"),"",IF(OR(D97="★",I97="غير متوفر"),"عالية","متوسطة"))
A98: 2-2-4 | B98: 2. التعليم والتعلم | E98: 3 | F98: دليل التدريب الميداني/التعاوني (إن وجد). | G98: الدليل الاسترشادي | H98: =IFERROR(INDEX('الإعدادات واللجنة'!$C$24:$C$32,MATCH(LEFT(A98,3),'الإعدادات واللجنة'!$A$24:$A$32,0)),"") -> د. احمد بن عوض البشري | K98: =IF(OR(I98="",I98="متوفر ومكتمل"),"",IF(OR(D98="★",I98="غير متوفر"),"عالية","متوسطة"))
A99: 2-2-4 | B99: 2. التعليم والتعلم | E99: 4 | F99: توصيف البرنامج المعتمد (جزئية استراتيجيات التدريس وطرق التقويم) مع آراء المحكمين له (إن وجدت) حول توافق ومناسبة استراتيجيات التعليم والتعلم وطرق التقييم. | G99: الدليل الاسترشادي | H99: =IFERROR(INDEX('الإعدادات واللجنة'!$C$24:$C$32,MATCH(LEFT(A99,3),'الإعدادات واللجنة'!$A$24:$A$32,0)),"") -> د. احمد بن عوض البشري | K99: =IF(OR(I99="",I99="متوفر ومكتمل"),"",IF(OR(D99="★",I99="غير متوفر"),"عالية","متوسطة"))
A100: 2-2-5 | B100: 2. التعليم والتعلم | C100: تتنوع استراتيجيات التعليم والتعلم وطرق التقييم في البرنامج بما يتناسب مع طبيعته ومستواه وتتوافق مع نواتج التعلم المستهدفة على مستوى البرنامج والمقررات. | E100: 1 | F100: نماذج من محاضر اللجان الاستشارية التي ناقشت توافق ومناسبة استراتيجيات التعليم والتعلم وطرق التقييم. | G100: الدليل الاسترشادي | H100: =IFERROR(INDEX('الإعدادات واللجنة'!$C$24:$C$32,MATCH(LEFT(A100,3),'الإعدادات واللجنة'!$A$24:$A$32,0)),"") -> د. احمد بن عوض البشري | K100: =IF(OR(I100="",I100="متوفر ومكتمل"),"",IF(OR(D100="★",I100="غير متوفر"),"عالية","متوسطة"))
A101: 2-2-5 | B101: 2. التعليم والتعلم | E101: 2 | F101: تقرير استطلاع رأي الطلبة والخريجين حول استراتيجيات التعليم والتعلم وطرق التقييم. | G101: الدليل الاسترشادي | H101: =IFERROR(INDEX('الإعدادات واللجنة'!$C$24:$C$32,MATCH(LEFT(A101,3),'الإعدادات واللجنة'!$A$24:$A$32,0)),"") -> د. احمد بن عوض البشري | K101: =IF(OR(I101="",I101="متوفر ومكتمل"),"",IF(OR(D101="★",I101="غير متوفر"),"عالية","متوسطة"))
...

Sheet فحص-بيانات-ماجستير
A1: ="فحص الأدلة – "&'الإعدادات واللجنة'!$B$7 -> فحص الأدلة – ماجستير علوم البيانات
A2: عبّئ الخلايا الصفراء: حالة الدليل، وإن كان ناقصاً: السبب والإجراء والموعد، ثم رابط الدليل. الأعمدة P–Q لأ. فاطمة. الصفوف المظللة = محكات أساسية ★
A4: الرمز | B4: المعيار | C4: نص المحك | D4: أساسي | E4: م | F4: الدليل / الشاهد | G4: مصدر الدليل | H4: المسؤول | I4: حالة الدليل | J4: سبب النقص | K4: الأولوية | L4: الإجراء المطلوب | M4: الموعد | N4: رابط الدليل في المستودع | O4: ملاحظات العضو | P4: مراجعة أ. فاطمة | Q4: ملاحظات المراجعة
A5: 1-1-1 | B5: 1. إدارة البرنامج وضمان جودته | C5: تتسق رسالة البرنامج وأهدافه مع رسالة المؤسسة/الكلية وتوجّه جميع عملياته وأنشطته. | E5: 1 | F5: مصفوفة اتساق رسالة وأهداف البرنامج مع رسالة وأهداف الجامعة والكلية. | G5: من دليل البكالوريوس | H5: =IFERROR(INDEX('الإعدادات واللجنة'!$C$24:$C$32,MATCH(LEFT(A5,3),'الإعدادات واللجنة'!$A$24:$A$32,0)),"") -> د. سلطان بن سعيد الشمراني | K5: =IF(OR(I5="",I5="متوفر ومكتمل"),"",IF(OR(D5="★",I5="غير متوفر"),"عالية","متوسطة"))
A6: 1-1-1 | B6: 1. إدارة البرنامج وضمان جودته | E6: 2 | F6: إعلان رسالة وأهداف البرنامج على الموقع الإلكتروني للبرنامج. | G6: من دليل البكالوريوس | H6: =IFERROR(INDEX('الإعدادات واللجنة'!$C$24:$C$32,MATCH(LEFT(A6,3),'الإعدادات واللجنة'!$A$24:$A$32,0)),"") -> د. سلطان بن سعيد الشمراني | K6: =IF(OR(I6="",I6="متوفر ومكتمل"),"",IF(OR(D6="★",I6="غير متوفر"),"عالية","متوسطة"))
A7: 1-1-1 | B7: 1. إدارة البرنامج وضمان جودته | E7: 3 | F7: الخطة التشغيلية للبرنامج وتقاريرها وتشمل البحث العلمي وخدمة المجتمع. | G7: من دليل البكالوريوس | H7: =IFERROR(INDEX('الإعدادات واللجنة'!$C$24:$C$32,MATCH(LEFT(A7,3),'الإعدادات واللجنة'!$A$24:$A$32,0)),"") -> د. سلطان بن سعيد الشمراني | K7: =IF(OR(I7="",I7="متوفر ومكتمل"),"",IF(OR(D7="★",I7="غير متوفر"),"عالية","متوسطة"))
A8: 1-1-1 | B8: 1. إدارة البرنامج وضمان جودته | E8: 4 | F8: تقرير استطلاع رأي المستفيدين حول وضوح ونشر الرسالة والأهداف. | G8: من دليل البكالوريوس | H8: =IFERROR(INDEX('الإعدادات واللجنة'!$C$24:$C$32,MATCH(LEFT(A8,3),'الإعدادات واللجنة'!$A$24:$A$32,0)),"") -> د. سلطان بن سعيد الشمراني | K8: =IF(OR(I8="",I8="متوفر ومكتمل"),"",IF(OR(D8="★",I8="غير متوفر"),"عالية","متوسطة"))
A9: 1-1-2 | B9: 1. إدارة البرنامج وضمان جودته | C9: يتوفر لدى البرنامج العدد الكافي من الكوادر المؤهلة للقيام بالمهام الإدارية والمهنية والفنية، ولهم مهام وصلاحيات محددة. | D9: ★ | E9: 1 | F9: قاعدة بيانات محدثة لأعضاء هيئة التدريس بالبرنامج والإداريين والفنيين. | G9: من دليل البكالوريوس | H9: =IFERROR(INDEX('الإعدادات واللجنة'!$C$24:$C$32,MATCH(LEFT(A9,3),'الإعدادات واللجنة'!$A$24:$A$32,0)),"") -> د. سلطان بن سعيد الشمراني | K9: =IF(OR(I9="",I9="متوفر ومكتمل"),"",IF(OR(D9="★",I9="غير متوفر"),"عالية","متوسطة"))
A10: 1-1-2 | B10: 1. إدارة البرنامج وضمان جودته | D10: ★ | E10: 2 | F10: السير الذاتية لأعضاء هيئة التدريس، وقيادات البرنامج، والإداريين، والفنيين. | G10: من دليل البكالوريوس | H10: =IFERROR(INDEX('الإعدادات واللجنة'!$C$24:$C$32,MATCH(LEFT(A10,3),'الإعدادات واللجنة'!$A$24:$A$32,0)),"") -> د. سلطان بن سعيد الشمراني | K10: =IF(OR(I10="",I10="متوفر ومكتمل"),"",IF(OR(D10="★",I10="غير متوفر"),"عالية","متوسطة"))
A11: 1-1-2 | B11: 1. إدارة البرنامج وضمان جودته | D11: ★ | E11: 3 | F11: نماذج من تشكيلات اللجان بالبرنامج محددة المهام. | G11: من دليل البكالوريوس | H11: =IFERROR(INDEX('الإعدادات واللجنة'!$C$24:$C$32,MATCH(LEFT(A11,3),'الإعدادات واللجنة'!$A$24:$A$32,0)),"") -> د. سلطان بن سعيد الشمراني | K11: =IF(OR(I11="",I11="متوفر ومكتمل"),"",IF(OR(D11="★",I11="غير متوفر"),"عالية","متوسطة"))
A12: 1-1-2 | B12: 1. إدارة البرنامج وضمان جودته | D12: ★ | E12: 4 | F12: معايير اختيار القيادات الأكاديمية والإدارية. | G12: من دليل البكالوريوس | H12: =IFERROR(INDEX('الإعدادات واللجنة'!$C$24:$C$32,MATCH(LEFT(A12,3),'الإعدادات واللجنة'!$A$24:$A$32,0)),"") -> د. سلطان بن سعيد الشمراني | K12: =IF(OR(I12="",I12="متوفر ومكتمل"),"",IF(OR(D12="★",I12="غير متوفر"),"عالية","متوسطة"))
A13: 1-1-2 | B13: 1. إدارة البرنامج وضمان جودته | D13: ★ | E13: 5 | F13: استبانة تقييم القيادات الأكاديمية والإدارية بالبرنامج. | G13: من دليل البكالوريوس | H13: =IFERROR(INDEX('الإعدادات واللجنة'!$C$24:$C$32,MATCH(LEFT(A13,3),'الإعدادات واللجنة'!$A$24:$A$32,0)),"") -> د. سلطان بن سعيد الشمراني | K13: =IF(OR(I13="",I13="متوفر ومكتمل"),"",IF(OR(D13="★",I13="غير متوفر"),"عالية","متوسطة"))
A14: 1-1-3 | B14: 1. إدارة البرنامج وضمان جودته | C14: يتوفر للبرنامج منظومة تحفيزية وبيئة أكاديمية داعمة. | E14: 1 | F14: دليل جوائز التميز بالكلية/الجامعة. | G14: من دليل البكالوريوس | H14: =IFERROR(INDEX('الإعدادات واللجنة'!$C$24:$C$32,MATCH(LEFT(A14,3),'الإعدادات واللجنة'!$A$24:$A$32,0)),"") -> د. سلطان بن سعيد الشمراني | K14: =IF(OR(I14="",I14="متوفر ومكتمل"),"",IF(OR(D14="★",I14="غير متوفر"),"عالية","متوسطة"))
A15: 1-1-3 | B15: 1. إدارة البرنامج وضمان جودته | E15: 2 | F15: نماذج من شهادات (تميز/تقدير) منسوبي البرنامج والإداريين والفنيين. | G15: من دليل البكالوريوس | H15: =IFERROR(INDEX('الإعدادات واللجنة'!$C$24:$C$32,MATCH(LEFT(A15,3),'الإعدادات واللجنة'!$A$24:$A$32,0)),"") -> د. سلطان بن سعيد الشمراني | K15: =IF(OR(I15="",I15="متوفر ومكتمل"),"",IF(OR(D15="★",I15="غير متوفر"),"عالية","متوسطة"))
A16: 1-1-3 | B16: 1. إدارة البرنامج وضمان جودته | E16: 3 | F16: قائمة بالمرافق والتجهيزات التعليمية والبحثية للبرنامج. | G16: من دليل البكالوريوس | H16: =IFERROR(INDEX('الإعدادات واللجنة'!$C$24:$C$32,MATCH(LEFT(A16,3),'الإعدادات واللجنة'!$A$24:$A$32,0)),"") -> د. سلطان بن سعيد الشمراني | K16: =IF(OR(I16="",I16="متوفر ومكتمل"),"",IF(OR(D16="★",I16="غير متوفر"),"عالية","متوسطة"))
A17: 1-1-3 | B17: 1. إدارة البرنامج وضمان جودته | E17: 4 | F17: قائمة بالمرافق والتجهيزات الخاصة بالأنشطة اللاصفية بالبرنامج. | G17: من دليل البكالوريوس | H17: =IFERROR(INDEX('الإعدادات واللجنة'!$C$24:$C$32,MATCH(LEFT(A17,3),'الإعدادات واللجنة'!$A$24:$A$32,0)),"") -> د. سلطان بن سعيد الشمراني | K17: =IF(OR(I17="",I17="متوفر ومكتمل"),"",IF(OR(D17="★",I17="غير متوفر"),"عالية","متوسطة"))
A18: 1-1-3 | B18: 1. إدارة البرنامج وضمان جودته | E18: 5 | F18: تقييمات أعضاء هيئة التدريس والإداريين والفنيين والطلاب للمناخ التنظيمي والبيئة الأكاديمية. | G18: من دليل البكالوريوس | H18: =IFERROR(INDEX('الإعدادات واللجنة'!$C$24:$C$32,MATCH(LEFT(A18,3),'الإعدادات واللجنة'!$A$24:$A$32,0)),"") -> د. سلطان بن سعيد الشمراني | K18: =IF(OR(I18="",I18="متوفر ومكتمل"),"",IF(OR(D18="★",I18="غير متوفر"),"عالية","متوسطة"))
A19: 1-1-4 | B19: 1. إدارة البرنامج وضمان جودته | C19: يتم القياس المستمر لمؤشرات أداء البرنامج الرئيسة، وتُتخذ الإجراءات اللازمة للتحسين. | E19: 1 | F19: تقرير مؤشرات الأداء الرئيسة للبرنامج. | G19: من دليل البكالوريوس | H19: =IFERROR(INDEX('الإعدادات واللجنة'!$C$24:$C$32,MATCH(LEFT(A19,3),'الإعدادات واللجنة'!$A$24:$A$32,0)),"") -> د. سلطان بن سعيد الشمراني | K19: =IF(OR(I19="",I19="متوفر ومكتمل"),"",IF(OR(D19="★",I19="غير متوفر"),"عالية","متوسطة"))
A20: 1-1-4 | B20: 1. إدارة البرنامج وضمان جودته | E20: 2 | F20: تقرير إنجاز الخطة التشغيلية للبرنامج مع خطة التحسين. | G20: من دليل البكالوريوس | H20: =IFERROR(INDEX('الإعدادات واللجنة'!$C$24:$C$32,MATCH(LEFT(A20,3),'الإعدادات واللجنة'!$A$24:$A$32,0)),"") -> د. سلطان بن سعيد الشمراني | K20: =IF(OR(I20="",I20="متوفر ومكتمل"),"",IF(OR(D20="★",I20="غير متوفر"),"عالية","متوسطة"))
A21: 1-1-5 | B21: 1. إدارة البرنامج وضمان جودته | C21: يوثّق البرنامج وينشر السياسات والحقوق والواجبات الخاصة بمنسوبيه بصورة معلنة، ويطبق آليات تضمن النزاهة والعدالة والمساواة في جميع ممارساته الأكاديمية والإدارية بين شطري الطلاب والطالبات والفروع (إن وجدت). | E21: 1 | F21: لوحة/دليل موضح فيه السياسات والحقوق والواجبات وتكون معلنة. | G21: من دليل البكالوريوس | H21: =IFERROR(INDEX('الإعدادات واللجنة'!$C$24:$C$32,MATCH(LEFT(A21,3),'الإعدادات واللجنة'!$A$24:$A$32,0)),"") -> د. سلطان بن سعيد الشمراني | K21: =IF(OR(I21="",I21="متوفر ومكتمل"),"",IF(OR(D21="★",I21="غير متوفر"),"عالية","متوسطة"))
A22: 1-1-5 | B22: 1. إدارة البرنامج وضمان جودته | E22: 2 | F22: استطلاع رأي أعضاء هيئة التدريس والطلبة عن تطبيق إدارة البرنامج لآليات النزاهة والعدالة والمساواة. | G22: من دليل البكالوريوس | H22: =IFERROR(INDEX('الإعدادات واللجنة'!$C$24:$C$32,MATCH(LEFT(A22,3),'الإعدادات واللجنة'!$A$24:$A$32,0)),"") -> د. سلطان بن سعيد الشمراني | K22: =IF(OR(I22="",I22="متوفر ومكتمل"),"",IF(OR(D22="★",I22="غير متوفر"),"عالية","متوسطة"))
A23: 1-1-5 | B23: 1. إدارة البرنامج وضمان جودته | E23: 3 | F23: الشواهد على مدى تكافؤ الإمكانيات المادية والبشرية بين شطري الطالب والطالبات. | G23: من دليل البكالوريوس | H23: =IFERROR(INDEX('الإعدادات واللجنة'!$C$24:$C$32,MATCH(LEFT(A23,3),'الإعدادات واللجنة'!$A$24:$A$32,0)),"") -> د. سلطان بن سعيد الشمراني | K23: =IF(OR(I23="",I23="متوفر ومكتمل"),"",IF(OR(D23="★",I23="غير متوفر"),"عالية","متوسطة"))
A24: 1-1-5 | B24: 1. إدارة البرنامج وضمان جودته | E24: 4 | F24: تشكيل اللجان والمجالس العاملة بالقسم بما يتضمن إشراك الجنسين والفروع (إن وجدت)، وكذا تمويل الأبحاث والمشاريع وحضور المؤتمرات. | G24: من دليل البكالوريوس | H24: =IFERROR(INDEX('الإعدادات واللجنة'!$C$24:$C$32,MATCH(LEFT(A24,3),'الإعدادات واللجنة'!$A$24:$A$32,0)),"") -> د. سلطان بن سعيد الشمراني | K24: =IF(OR(I24="",I24="متوفر ومكتمل"),"",IF(OR(D24="★",I24="غير متوفر"),"عالية","متوسطة"))
A25: 1-1-6 | B25: 1. إدارة البرنامج وضمان جودته | C25: تستفيد إدارة البرنامج من آراء المختصين والخبراء في تشكيل لجنة استشارية متنوعة الأعضاء وموضحة المهام، وتخصص البرنامج في تقييم وتطوير وتحسين أدائه. | E25: 1 | F25: قرار تشكيل اللجنة الاستشارية للبرنامج المتنوعة الأعضاء والموضح مهامها. | G25: من دليل البكالوريوس | H25: =IFERROR(INDEX('الإعدادات واللجنة'!$C$24:$C$32,MATCH(LEFT(A25,3),'الإعدادات واللجنة'!$A$24:$A$32,0)),"") -> د. سلطان بن سعيد الشمراني | K25: =IF(OR(I25="",I25="متوفر ومكتمل"),"",IF(OR(D25="★",I25="غير متوفر"),"عالية","متوسطة"))
A26: 1-1-6 | B26: 1. إدارة البرنامج وضمان جودته | E26: 2 | F26: نماذج من محاضر اللجنة الاستشارية للبرنامج متضمنة التوصيات وخطط تفعيلها. | G26: من دليل البكالوريوس | H26: =IFERROR(INDEX('الإعدادات واللجنة'!$C$24:$C$32,MATCH(LEFT(A26,3),'الإعدادات واللجنة'!$A$24:$A$32,0)),"") -> د. سلطان بن سعيد الشمراني | K26: =IF(OR(I26="",I26="متوفر ومكتمل"),"",IF(OR(D26="★",I26="غير متوفر"),"عالية","متوسطة"))
A27: 1-1-6 | B27: 1. إدارة البرنامج وضمان جودته | E27: 3 | F27: تقرير استطلاع رأي جهات التوظيف حول الخريجين وتوصيات وخطط التحسين. | G27: من دليل البكالوريوس | H27: =IFERROR(INDEX('الإعدادات واللجنة'!$C$24:$C$32,MATCH(LEFT(A27,3),'الإعدادات واللجنة'!$A$24:$A$32,0)),"") -> د. سلطان بن سعيد الشمراني | K27: =IF(OR(I27="",I27="متوفر ومكتمل"),"",IF(OR(D27="★",I27="غير متوفر"),"عالية","متوسطة"))
A28: 1-1-6 | B28: 1. إدارة البرنامج وضمان جودته | E28: 4 | F28: محاضر مجلس القسم متضمنة مناقشة توصيات اللجنة الاستشارية واستطلاع رأي جهات التوظيف وأي مقترحات تطوير من خبراء التخصص. | G28: من دليل البكالوريوس | H28: =IFERROR(INDEX('الإعدادات واللجنة'!$C$24:$C$32,MATCH(LEFT(A28,3),'الإعدادات واللجنة'!$A$24:$A$32,0)),"") -> د. سلطان بن سعيد الشمراني | K28: =IF(OR(I28="",I28="متوفر ومكتمل"),"",IF(OR(D28="★",I28="غير متوفر"),"عالية","متوسطة"))
A29: 1-1-7 | B29: 1. إدارة البرنامج وضمان جودته | C29: تتيح إدارة البرنامج معلومات موثوقة ومحدّثة تُبرز إنجازات البرنامج بما يتناسب مع احتياجات المستفيدين. | E29: 1 | F29: الدليل التعريفي للبرنامج. | G29: من دليل البكالوريوس | H29: =IFERROR(INDEX('الإعدادات واللجنة'!$C$24:$C$32,MATCH(LEFT(A29,3),'الإعدادات واللجنة'!$A$24:$A$32,0)),"") -> د. سلطان بن سعيد الشمراني | K29: =IF(OR(I29="",I29="متوفر ومكتمل"),"",IF(OR(D29="★",I29="غير متوفر"),"عالية","متوسطة"))
A30: 1-1-7 | B30: 1. إدارة البرنامج وضمان جودته | E30: 2 | F30: الموقع الإلكتروني للبرنامج متضمناً توصيف البرنامج والمقررات الدراسية وأنشطته وإنجازاته محدّثاً. | G30: من دليل البكالوريوس | H30: =IFERROR(INDEX('الإعدادات واللجنة'!$C$24:$C$32,MATCH(LEFT(A30,3),'الإعدادات واللجنة'!$A$24:$A$32,0)),"") -> د. سلطان بن سعيد الشمراني | K30: =IF(OR(I30="",I30="متوفر ومكتمل"),"",IF(OR(D30="★",I30="غير متوفر"),"عالية","متوسطة"))
A31: 1-1-7 | B31: 1. إدارة البرنامج وضمان جودته | E31: 3 | F31: أنشطة لجنة خدمة المجتمع للتعريف بالبرنامج وإمكاناته والخدمات التي يقدمها للمجتمع. | G31: من دليل البكالوريوس | H31: =IFERROR(INDEX('الإعدادات واللجنة'!$C$24:$C$32,MATCH(LEFT(A31,3),'الإعدادات واللجنة'!$A$24:$A$32,0)),"") -> د. سلطان بن سعيد الشمراني | K31: =IF(OR(I31="",I31="متوفر ومكتمل"),"",IF(OR(D31="★",I31="غير متوفر"),"عالية","متوسطة"))
A32: 1-1-7 | B32: 1. إدارة البرنامج وضمان جودته | E32: 4 | F32: نماذج من إعلانات ولقاءات التعريف بالبرنامج مع المستفيدين. | G32: من دليل البكالوريوس | H32: =IFERROR(INDEX('الإعدادات واللجنة'!$C$24:$C$32,MATCH(LEFT(A32,3),'الإعدادات واللجنة'!$A$24:$A$32,0)),"") -> د. سلطان بن سعيد الشمراني | K32: =IF(OR(I32="",I32="متوفر ومكتمل"),"",IF(OR(D32="★",I32="غير متوفر"),"عالية","متوسطة"))
A33: 1-1-7 | B33: 1. إدارة البرنامج وضمان جودته | E33: 5 | F33: نتائج استطلاع رأي المستفيدين حول إتاحة المعلومات الخاصة بالبرنامج. | G33: من دليل البكالوريوس | H33: =IFERROR(INDEX('الإعدادات واللجنة'!$C$24:$C$32,MATCH(LEFT(A33,3),'الإعدادات واللجنة'!$A$24:$A$32,0)),"") -> د. سلطان بن سعيد الشمراني | K33: =IF(OR(I33="",I33="متوفر ومكتمل"),"",IF(OR(D33="★",I33="غير متوفر"),"عالية","متوسطة"))
A34: 1-1-8 | B34: 1. إدارة البرنامج وضمان جودته | C34: تلتزم إدارة البرنامج بتفعيل قيم الأمانة العلمية وحقوق الملكية الفكرية وقواعد الممارسات الأخلاقية والسلوك القويم في جميع المجالات والأنشطة الأكاديمية والبحثية والإدارية والخدمية. | D34: ★ | E34: 1 | F34: السياسات والإجراءات الموثقة التي يطبقها البرنامج بشأن عمليات الاقتباس والملكية الفكرية للطلبة وأعضاء هيئة التدريس. | G34: من دليل البكالوريوس | H34: =IFERROR(INDEX('الإعدادات واللجنة'!$C$24:$C$32,MATCH(LEFT(A34,3),'الإعدادات واللجنة'!$A$24:$A$32,0)),"") -> د. سلطان بن سعيد الشمراني | K34: =IF(OR(I34="",I34="متوفر ومكتمل"),"",IF(OR(D34="★",I34="غير متوفر"),"عالية","متوسطة"))
A35: 1-1-8 | B35: 1. إدارة البرنامج وضمان جودته | D35: ★ | E35: 2 | F35: دليل الإطار الأخلاقي للطلبة ومنسوبي الجامعة. | G35: من دليل البكالوريوس | H35: =IFERROR(INDEX('الإعدادات واللجنة'!$C$24:$C$32,MATCH(LEFT(A35,3),'الإعدادات واللجنة'!$A$24:$A$32,0)),"") -> د. سلطان بن سعيد الشمراني | K35: =IF(OR(I35="",I35="متوفر ومكتمل"),"",IF(OR(D35="★",I35="غير متوفر"),"عالية","متوسطة"))
A36: 1-1-8 | B36: 1. إدارة البرنامج وضمان جودته | D36: ★ | E36: 3 | F36: دليل أخلاقيات البحث العلمي. | G36: من دليل البكالوريوس | H36: =IFERROR(INDEX('الإعدادات واللجنة'!$C$24:$C$32,MATCH(LEFT(A36,3),'الإعدادات واللجنة'!$A$24:$A$32,0)),"") -> د. سلطان بن سعيد الشمراني | K36: =IF(OR(I36="",I36="متوفر ومكتمل"),"",IF(OR(D36="★",I36="غير متوفر"),"عالية","متوسطة"))
A37: 1-1-8 | B37: 1. إدارة البرنامج وضمان جودته | D37: ★ | E37: 4 | F37: قائمة بالدورات التدريبية المتعلقة بقيم الأمانة العلمية وحقوق الملكية الفكرية وقواعد الممارسات الأخلاقية. | G37: من دليل البكالوريوس | H37: =IFERROR(INDEX('الإعدادات واللجنة'!$C$24:$C$32,MATCH(LEFT(A37,3),'الإعدادات واللجنة'!$A$24:$A$32,0)),"") -> د. سلطان بن سعيد الشمراني | K37: =IF(OR(I37="",I37="متوفر ومكتمل"),"",IF(OR(D37="★",I37="غير متوفر"),"عالية","متوسطة"))
A38: 1-1-8 | B38: 1. إدارة البرنامج وضمان جودته | D38: ★ | E38: 5 | F38: نماذج من تعميمات رئيس القسم على ضرورة الالتزام بقيم الأمانة العلمية وحقوق الملكية الفكرية. | G38: من دليل البكالوريوس | H38: =IFERROR(INDEX('الإعدادات واللجنة'!$C$24:$C$32,MATCH(LEFT(A38,3),'الإعدادات واللجنة'!$A$24:$A$32,0)),"") -> د. سلطان بن سعيد الشمراني | K38: =IF(OR(I38="",I38="متوفر ومكتمل"),"",IF(OR(D38="★",I38="غير متوفر"),"عالية","متوسطة"))
A39: 1-1-8 | B39: 1. إدارة البرنامج وضمان جودته | D39: ★ | E39: 6 | F39: عينات من تقارير فحص الاستلال العلمي لأعمال الطلبة. | G39: من دليل البكالوريوس | H39: =IFERROR(INDEX('الإعدادات واللجنة'!$C$24:$C$32,MATCH(LEFT(A39,3),'الإعدادات واللجنة'!$A$24:$A$32,0)),"") -> د. سلطان بن سعيد الشمراني | K39: =IF(OR(I39="",I39="متوفر ومكتمل"),"",IF(OR(D39="★",I39="غير متوفر"),"عالية","متوسطة"))
A40: 1-1-9 | B40: 1. إدارة البرنامج وضمان جودته | C40: تتبنى إدارة البرنامج آلية واضحة وإجراءات معتمدة من قِبل المؤسسة/الكلية للشكاوى والتظلم والقضايا التأديبية. | E40: 1 | F40: سياسات وآليات الشكاوى والتظلم المعتمدة سواء للطالب أو أعضاء هيئة التدريس. | G40: من دليل البكالوريوس | H40: =IFERROR(INDEX('الإعدادات واللجنة'!$C$24:$C$32,MATCH(LEFT(A40,3),'الإعدادات واللجنة'!$A$24:$A$32,0)),"") -> د. سلطان بن سعيد الشمراني | K40: =IF(OR(I40="",I40="متوفر ومكتمل"),"",IF(OR(D40="★",I40="غير متوفر"),"عالية","متوسطة"))
A41: 1-1-9 | B41: 1. إدارة البرنامج وضمان جودته | E41: 2 | F41: نماذج من محاضر الرفع بالشكاوى والتظلمات وقرارات الرد عليها. | G41: من دليل البكالوريوس | H41: =IFERROR(INDEX('الإعدادات واللجنة'!$C$24:$C$32,MATCH(LEFT(A41,3),'الإعدادات واللجنة'!$A$24:$A$32,0)),"") -> د. سلطان بن سعيد الشمراني | K41: =IF(OR(I41="",I41="متوفر ومكتمل"),"",IF(OR(D41="★",I41="غير متوفر"),"عالية","متوسطة"))
A42: 1-1-9 | B42: 1. إدارة البرنامج وضمان جودته | E42: 3 | F42: نماذج من قرارات لجان التأديب. | G42: من دليل البكالوريوس | H42: =IFERROR(INDEX('الإعدادات واللجنة'!$C$24:$C$32,MATCH(LEFT(A42,3),'الإعدادات واللجنة'!$A$24:$A$32,0)),"") -> د. سلطان بن سعيد الشمراني | K42: =IF(OR(I42="",I42="متوفر ومكتمل"),"",IF(OR(D42="★",I42="غير متوفر"),"عالية","متوسطة"))
A43: 1-1-9 | B43: 1. إدارة البرنامج وضمان جودته | E43: 4 | F43: استطلاعات رأي المستفيدين حول عدالة التعامل مع الشكاوى والتظلمات. | G43: من دليل البكالوريوس | H43: =IFERROR(INDEX('الإعدادات واللجنة'!$C$24:$C$32,MATCH(LEFT(A43,3),'الإعدادات واللجنة'!$A$24:$A$32,0)),"") -> د. سلطان بن سعيد الشمراني | K43: =IF(OR(I43="",I43="متوفر ومكتمل"),"",IF(OR(D43="★",I43="غير متوفر"),"عالية","متوسطة"))
A44: 1-2-1 | B44: 1. إدارة البرنامج وضمان جودته | C44: تتبنى إدارة البرنامج نظاماً إدارياً كاملاً ومعلناً لضمان الجودة، ينسجم مع نظام الجودة المؤسسي. | E44: 1 | F44: دليل ضمان الجودة بالبرنامج. | G44: من دليل البكالوريوس | H44: =IFERROR(INDEX('الإعدادات واللجنة'!$C$24:$C$32,MATCH(LEFT(A44,3),'الإعدادات واللجنة'!$A$24:$A$32,0)),"") -> د. حسن بن سعد القحطاني | K44: =IF(OR(I44="",I44="متوفر ومكتمل"),"",IF(OR(D44="★",I44="غير متوفر"),"عالية","متوسطة"))
A45: 1-2-1 | B45: 1. إدارة البرنامج وضمان جودته | E45: 2 | F45: دليل ضمان الجودة بالجامعة. | G45: من دليل البكالوريوس | H45: =IFERROR(INDEX('الإعدادات واللجنة'!$C$24:$C$32,MATCH(LEFT(A45,3),'الإعدادات واللجنة'!$A$24:$A$32,0)),"") -> د. حسن بن سعد القحطاني | K45: =IF(OR(I45="",I45="متوفر ومكتمل"),"",IF(OR(D45="★",I45="غير متوفر"),"عالية","متوسطة"))
A46: 1-2-1 | B46: 1. إدارة البرنامج وضمان جودته | E46: 3 | F46: الهيكل التنظيمي الموثق والمعلن للبرنامج متضمناً اللجان العاملة به. | G46: من دليل البكالوريوس | H46: =IFERROR(INDEX('الإعدادات واللجنة'!$C$24:$C$32,MATCH(LEFT(A46,3),'الإعدادات واللجنة'!$A$24:$A$32,0)),"") -> د. حسن بن سعد القحطاني | K46: =IF(OR(I46="",I46="متوفر ومكتمل"),"",IF(OR(D46="★",I46="غير متوفر"),"عالية","متوسطة"))
A47: 1-2-1 | B47: 1. إدارة البرنامج وضمان جودته | E47: 4 | F47: قرارات تشكيل لجان الجودة بالبرنامج. | G47: من دليل البكالوريوس | H47: =IFERROR(INDEX('الإعدادات واللجنة'!$C$24:$C$32,MATCH(LEFT(A47,3),'الإعدادات واللجنة'!$A$24:$A$32,0)),"") -> د. حسن بن سعد القحطاني | K47: =IF(OR(I47="",I47="متوفر ومكتمل"),"",IF(OR(D47="★",I47="غير متوفر"),"عالية","متوسطة"))
A48: 1-2-2 | B48: 1. إدارة البرنامج وضمان جودته | C48: يقوم البرنامج بتحليل مؤشرات الأداء الرئيسة وبيانات التقويم سنوياً، ويُستفاد منها في عمليات التخطيط والتطوير واتخاذ القرارات. | D48: ★ | E48: 1 | F48: تقارير قياس مؤشرات الأداء الرئيسة وتشمل المقارنات المرجعية. | G48: من دليل البكالوريوس | H48: =IFERROR(INDEX('الإعدادات واللجنة'!$C$24:$C$32,MATCH(LEFT(A48,3),'الإعدادات واللجنة'!$A$24:$A$32,0)),"") -> د. حسن بن سعد القحطاني | K48: =IF(OR(I48="",I48="متوفر ومكتمل"),"",IF(OR(D48="★",I48="غير متوفر"),"عالية","متوسطة"))
A49: 1-2-2 | B49: 1. إدارة البرنامج وضمان جودته | D49: ★ | E49: 2 | F49: مناقشة تقارير قياس مؤشرات الأداء في مجلس القسم والخطط التحسينية والقرارات المبنية عليها. | G49: من دليل البكالوريوس | H49: =IFERROR(INDEX('الإعدادات واللجنة'!$C$24:$C$32,MATCH(LEFT(A49,3),'الإعدادات واللجنة'!$A$24:$A$32,0)),"") -> د. حسن بن سعد القحطاني | K49: =IF(OR(I49="",I49="متوفر ومكتمل"),"",IF(OR(D49="★",I49="غير متوفر"),"عالية","متوسطة"))
A50: 1-2-2 | B50: 1. إدارة البرنامج وضمان جودته | D50: ★ | E50: 3 | F50: معايير البرنامج/المؤسسة لاختيار جهات المقارنة المرجعية. | G50: من دليل البكالوريوس | H50: =IFERROR(INDEX('الإعدادات واللجنة'!$C$24:$C$32,MATCH(LEFT(A50,3),'الإعدادات واللجنة'!$A$24:$A$32,0)),"") -> د. حسن بن سعد القحطاني | K50: =IF(OR(I50="",I50="متوفر ومكتمل"),"",IF(OR(D50="★",I50="غير متوفر"),"عالية","متوسطة"))
A51: 1-2-3 | B51: 1. إدارة البرنامج وضمان جودته | C51: يُجري البرنامج تقويماً دورياً شاملاً ووفق خطة للتحسين ويتابع تنفيذها. | E51: 1 | F51: سياسات إجراء التقويم الدوري الشامل للبرنامج. | G51: من دليل البكالوريوس | H51: =IFERROR(INDEX('الإعدادات واللجنة'!$C$24:$C$32,MATCH(LEFT(A51,3),'الإعدادات واللجنة'!$A$24:$A$32,0)),"") -> د. حسن بن سعد القحطاني | K51: =IF(OR(I51="",I51="متوفر ومكتمل"),"",IF(OR(D51="★",I51="غير متوفر"),"عالية","متوسطة"))
A52: 1-2-3 | B52: 1. إدارة البرنامج وضمان جودته | E52: 2 | F52: تشكيلات لجان تنفيذ عمليات التقويم الدوري الشامل للبرنامج. | G52: من دليل البكالوريوس | H52: =IFERROR(INDEX('الإعدادات واللجنة'!$C$24:$C$32,MATCH(LEFT(A52,3),'الإعدادات واللجنة'!$A$24:$A$32,0)),"") -> د. حسن بن سعد القحطاني | K52: =IF(OR(I52="",I52="متوفر ومكتمل"),"",IF(OR(D52="★",I52="غير متوفر"),"عالية","متوسطة"))
A53: 1-2-3 | B53: 1. إدارة البرنامج وضمان جودته | E53: 3 | F53: تقارير التقويم الدوري الشامل للبرنامج مع الخطط التحسينية. | G53: من دليل البكالوريوس | H53: =IFERROR(INDEX('الإعدادات واللجنة'!$C$24:$C$32,MATCH(LEFT(A53,3),'الإعدادات واللجنة'!$A$24:$A$32,0)),"") -> د. حسن بن سعد القحطاني | K53: =IF(OR(I53="",I53="متوفر ومكتمل"),"",IF(OR(D53="★",I53="غير متوفر"),"عالية","متوسطة"))
A54: 1-2-3 | B54: 1. إدارة البرنامج وضمان جودته | E54: 4 | F54: مناقشة نتائج عملية التقويم الشامل في مجلس القسم. | G54: من دليل البكالوريوس | H54: =IFERROR(INDEX('الإعدادات واللجنة'!$C$24:$C$32,MATCH(LEFT(A54,3),'الإعدادات واللجنة'!$A$24:$A$32,0)),"") -> د. حسن بن سعد القحطاني | K54: =IF(OR(I54="",I54="متوفر ومكتمل"),"",IF(OR(D54="★",I54="غير متوفر"),"عالية","متوسطة"))
A55: 1-2-3 | B55: 1. إدارة البرنامج وضمان جودته | E55: 5 | F55: تقرير الدراسة الذاتية السابقة (إن وجد). | G55: من دليل البكالوريوس | H55: =IFERROR(INDEX('الإعدادات واللجنة'!$C$24:$C$32,MATCH(LEFT(A55,3),'الإعدادات واللجنة'!$A$24:$A$32,0)),"") -> د. حسن بن سعد القحطاني | K55: =IF(OR(I55="",I55="متوفر ومكتمل"),"",IF(OR(D55="★",I55="غير متوفر"),"عالية","متوسطة"))
A56: 1-2-3 | B56: 1. إدارة البرنامج وضمان جودته | E56: 6 | F56: تقارير متابعة الخطط التحسينية للبرنامج. | G56: من دليل البكالوريوس | H56: =IFERROR(INDEX('الإعدادات واللجنة'!$C$24:$C$32,MATCH(LEFT(A56,3),'الإعدادات واللجنة'!$A$24:$A$32,0)),"") -> د. حسن بن سعد القحطاني | K56: =IF(OR(I56="",I56="متوفر ومكتمل"),"",IF(OR(D56="★",I56="غير متوفر"),"عالية","متوسطة"))
A57: 2-1-1 | B57: 2. التعليم والتعلم | C57: تُحدَّد نواتج تعلم البرنامج المستهدفة وتتواءم مع خصائص الخريجين على المستوى المؤسسي، ويتم اعتمادها من مجلس القسم والكلية ومراجعتها دورياً. | E57: 1 | F57: توصيف البرنامج (يشمل نواتج تعلم البرنامج) معتمد من مجلس القسم والكلية. | G57: من دليل البكالوريوس | H57: =IFERROR(INDEX('الإعدادات واللجنة'!$C$24:$C$32,MATCH(LEFT(A57,3),'الإعدادات واللجنة'!$A$24:$A$32,0)),"") -> د. احمد بن عوض البشري | K57: =IF(OR(I57="",I57="متوفر ومكتمل"),"",IF(OR(D57="★",I57="غير متوفر"),"عالية","متوسطة"))
A58: 2-1-1 | B58: 2. التعليم والتعلم | E58: 2 | F58: الدليل الإجرائي لصياغة وقياس نواتج التعلم على مستوى البرنامج / المؤسسة. | G58: من دليل البكالوريوس | H58: =IFERROR(INDEX('الإعدادات واللجنة'!$C$24:$C$32,MATCH(LEFT(A58,3),'الإعدادات واللجنة'!$A$24:$A$32,0)),"") -> د. احمد بن عوض البشري | K58: =IF(OR(I58="",I58="متوفر ومكتمل"),"",IF(OR(D58="★",I58="غير متوفر"),"عالية","متوسطة"))
A59: 2-1-1 | B59: 2. التعليم والتعلم | E59: 3 | F59: مصفوفة الاتساق بين نواتج تعلم البرنامج والمعايير الأكاديمية التخصصية (الاختبارات المعيارية – جاهزية أو ما يكافئها). | G59: من دليل البكالوريوس | H59: =IFERROR(INDEX('الإعدادات واللجنة'!$C$24:$C$32,MATCH(LEFT(A59,3),'الإعدادات واللجنة'!$A$24:$A$32,0)),"") -> د. احمد بن عوض البشري | K59: =IF(OR(I59="",I59="متوفر ومكتمل"),"",IF(OR(D59="★",I59="غير متوفر"),"عالية","متوسطة"))
A60: 2-1-1 | B60: 2. التعليم والتعلم | E60: 4 | F60: مصفوفة الاتساق بين نواتج تعلم البرنامج ورسالته. | G60: من دليل البكالوريوس | H60: =IFERROR(INDEX('الإعدادات واللجنة'!$C$24:$C$32,MATCH(LEFT(A60,3),'الإعدادات واللجنة'!$A$24:$A$32,0)),"") -> د. احمد بن عوض البشري | K60: =IF(OR(I60="",I60="متوفر ومكتمل"),"",IF(OR(D60="★",I60="غير متوفر"),"عالية","متوسطة"))
A61: 2-1-1 | B61: 2. التعليم والتعلم | E61: 5 | F61: مصفوفة الاتساق بين نواتج تعلم البرنامج وخصائص خريجي الجامعة. | G61: من دليل البكالوريوس | H61: =IFERROR(INDEX('الإعدادات واللجنة'!$C$24:$C$32,MATCH(LEFT(A61,3),'الإعدادات واللجنة'!$A$24:$A$32,0)),"") -> د. احمد بن عوض البشري | K61: =IF(OR(I61="",I61="متوفر ومكتمل"),"",IF(OR(D61="★",I61="غير متوفر"),"عالية","متوسطة"))
A62: 2-1-1 | B62: 2. التعليم والتعلم | E62: 6 | F62: استطلاعات رأي الطلاب والخريجين وجهات التوظيف حول مدى وضوح نواتج التعلم. | G62: من دليل البكالوريوس | H62: =IFERROR(INDEX('الإعدادات واللجنة'!$C$24:$C$32,MATCH(LEFT(A62,3),'الإعدادات واللجنة'!$A$24:$A$32,0)),"") -> د. احمد بن عوض البشري | K62: =IF(OR(I62="",I62="متوفر ومكتمل"),"",IF(OR(D62="★",I62="غير متوفر"),"عالية","متوسطة"))
A63: 2-1-1 | B63: 2. التعليم والتعلم | E63: 7 | F63: تقارير اللجان المعنية التي تفيد مراجعة نواتج التعلم. | G63: من دليل البكالوريوس | H63: =IFERROR(INDEX('الإعدادات واللجنة'!$C$24:$C$32,MATCH(LEFT(A63,3),'الإعدادات واللجنة'!$A$24:$A$32,0)),"") -> د. احمد بن عوض البشري | K63: =IF(OR(I63="",I63="متوفر ومكتمل"),"",IF(OR(D63="★",I63="غير متوفر"),"عالية","متوسطة"))
A64: 2-1-1 | B64: 2. التعليم والتعلم | E64: 8 | F64: عينة من وسائل إعلان نواتج التعلم مثل الموقع الإلكتروني للبرنامج وكتيب البرنامج. | G64: من دليل البكالوريوس | H64: =IFERROR(INDEX('الإعدادات واللجنة'!$C$24:$C$32,MATCH(LEFT(A64,3),'الإعدادات واللجنة'!$A$24:$A$32,0)),"") -> د. احمد بن عوض البشري | K64: =IF(OR(I64="",I64="متوفر ومكتمل"),"",IF(OR(D64="★",I64="غير متوفر"),"عالية","متوسطة"))
A65: 2-1-1 | B65: 2. التعليم والتعلم | E65: 9 | F65: سياسات إجراء التقويم الدوري الشامل للبرنامج (وتشمل السياسات والإجراءات المعتمدة للمراجعة الدورية لنواتج تعلم البرنامج). | G65: من دليل البكالوريوس | H65: =IFERROR(INDEX('الإعدادات واللجنة'!$C$24:$C$32,MATCH(LEFT(A65,3),'الإعدادات واللجنة'!$A$24:$A$32,0)),"") -> د. احمد بن عوض البشري | K65: =IF(OR(I65="",I65="متوفر ومكتمل"),"",IF(OR(D65="★",I65="غير متوفر"),"عالية","متوسطة"))
A66: 2-1-1 | B66: 2. التعليم والتعلم | E66: 10 | F66: تقرير توافق نواتج تعلم البرنامج مع الإطار الوطني للمؤهلات (نموذج الاتساق مع الإطار الوطني للمؤهلات). | G66: من دليل البكالوريوس | H66: =IFERROR(INDEX('الإعدادات واللجنة'!$C$24:$C$32,MATCH(LEFT(A66,3),'الإعدادات واللجنة'!$A$24:$A$32,0)),"") -> د. احمد بن عوض البشري | K66: =IF(OR(I66="",I66="متوفر ومكتمل"),"",IF(OR(D66="★",I66="غير متوفر"),"عالية","متوسطة"))
A67: 2-1-2 | B67: 2. التعليم والتعلم | C67: تتوافق نواتج التعلم مع متطلبات الإطار الوطني للمؤهلات والمعايير التخصصية ومتطلبات سوق العمل. | D67: ★ | E67: 1 | F67: مصفوفة الاتساق بين نواتج تعلم البرنامج والمعايير التخصصية. | G67: من دليل البكالوريوس | H67: =IFERROR(INDEX('الإعدادات واللجنة'!$C$24:$C$32,MATCH(LEFT(A67,3),'الإعدادات واللجنة'!$A$24:$A$32,0)),"") -> د. احمد بن عوض البشري | K67: =IF(OR(I67="",I67="متوفر ومكتمل"),"",IF(OR(D67="★",I67="غير متوفر"),"عالية","متوسطة"))
A68: 2-1-2 | B68: 2. التعليم والتعلم | D68: ★ | E68: 2 | F68: تقارير استطلاعات رأي جهات التوظيف حول توافق نواتج التعلم مع متطلبات سوق العمل. | G68: من دليل البكالوريوس | H68: =IFERROR(INDEX('الإعدادات واللجنة'!$C$24:$C$32,MATCH(LEFT(A68,3),'الإعدادات واللجنة'!$A$24:$A$32,0)),"") -> د. احمد بن عوض البشري | K68: =IF(OR(I68="",I68="متوفر ومكتمل"),"",IF(OR(D68="★",I68="غير متوفر"),"عالية","متوسطة"))
A69: 2-1-2 | B69: 2. التعليم والتعلم | D69: ★ | E69: 3 | F69: نماذج من محاضر لجان ومجلس القسم لمناقشة توافق خصائص الخريجين ونواتج التعلم مع متطلبات سوق العمل. | G69: من دليل البكالوريوس | H69: =IFERROR(INDEX('الإعدادات واللجنة'!$C$24:$C$32,MATCH(LEFT(A69,3),'الإعدادات واللجنة'!$A$24:$A$32,0)),"") -> د. احمد بن عوض البشري | K69: =IF(OR(I69="",I69="متوفر ومكتمل"),"",IF(OR(D69="★",I69="غير متوفر"),"عالية","متوسطة"))
A70: 2-1-3 | B70: 2. التعليم والتعلم | C70: يحدد البرنامج نواتج تعلم للمسارات المختلفة (إن وجدت). | E70: 1 | F70: توصيف البرنامج (يشمل نواتج تعلم المسارات المختلفة بالبرنامج إن وجدت) معتمد من مجلس القسم والكلية. | G70: من دليل البكالوريوس | H70: =IFERROR(INDEX('الإعدادات واللجنة'!$C$24:$C$32,MATCH(LEFT(A70,3),'الإعدادات واللجنة'!$A$24:$A$32,0)),"") -> د. احمد بن عوض البشري | K70: =IF(OR(I70="",I70="متوفر ومكتمل"),"",IF(OR(D70="★",I70="غير متوفر"),"عالية","متوسطة"))
A71: 2-1-3 | B71: 2. التعليم والتعلم | E71: 2 | F71: مصفوفة الاتساق بين نواتج التعلم المحددة بالمسارات المختلفة (إن وجدت) وخصائص خريجي الجامعة. | G71: من دليل البكالوريوس | H71: =IFERROR(INDEX('الإعدادات واللجنة'!$C$24:$C$32,MATCH(LEFT(A71,3),'الإعدادات واللجنة'!$A$24:$A$32,0)),"") -> د. احمد بن عوض البشري | K71: =IF(OR(I71="",I71="متوفر ومكتمل"),"",IF(OR(D71="★",I71="غير متوفر"),"عالية","متوسطة"))
A72: 2-1-3 | B72: 2. التعليم والتعلم | E72: 3 | F72: استطلاعات الرأي المتعلقة بإشراك المستفيدين في تحديد نواتج التعلم في المسارات المختلفة. | G72: من دليل البكالوريوس | H72: =IFERROR(INDEX('الإعدادات واللجنة'!$C$24:$C$32,MATCH(LEFT(A72,3),'الإعدادات واللجنة'!$A$24:$A$32,0)),"") -> د. احمد بن عوض البشري | K72: =IF(OR(I72="",I72="متوفر ومكتمل"),"",IF(OR(D72="★",I72="غير متوفر"),"عالية","متوسطة"))
A73: 2-1-3 | B73: 2. التعليم والتعلم | E73: 4 | F73: تقرير استطلاعات الرأي حول رضا المستفيدين عن مدى وضوح نواتج التعلم في المسارات المحددة بالبرنامج. | G73: من دليل البكالوريوس | H73: =IFERROR(INDEX('الإعدادات واللجنة'!$C$24:$C$32,MATCH(LEFT(A73,3),'الإعدادات واللجنة'!$A$24:$A$32,0)),"") -> د. احمد بن عوض البشري | K73: =IF(OR(I73="",I73="متوفر ومكتمل"),"",IF(OR(D73="★",I73="غير متوفر"),"عالية","متوسطة"))
A74: 2-1-4 | B74: 2. التعليم والتعلم | C74: يطبق البرنامج آليات وأدوات مناسبة لقياس نواتج التعلم والتحقق من استيفائها وفق مستويات أداء وخطط تقييم محددة. | D74: ★ | E74: 1 | F74: الدليل الإجرائي لصياغة وقياس نواتج التعلم على مستوى البرنامج / المؤسسة. | G74: من دليل البكالوريوس | H74: =IFERROR(INDEX('الإعدادات واللجنة'!$C$24:$C$32,MATCH(LEFT(A74,3),'الإعدادات واللجنة'!$A$24:$A$32,0)),"") -> د. احمد بن عوض البشري | K74: =IF(OR(I74="",I74="متوفر ومكتمل"),"",IF(OR(D74="★",I74="غير متوفر"),"عالية","متوسطة"))
A75: 2-1-4 | B75: 2. التعليم والتعلم | D75: ★ | E75: 2 | F75: خطة قياس نواتج تعلم البرنامج. | G75: من دليل البكالوريوس | H75: =IFERROR(INDEX('الإعدادات واللجنة'!$C$24:$C$32,MATCH(LEFT(A75,3),'الإعدادات واللجنة'!$A$24:$A$32,0)),"") -> د. احمد بن عوض البشري | K75: =IF(OR(I75="",I75="متوفر ومكتمل"),"",IF(OR(D75="★",I75="غير متوفر"),"عالية","متوسطة"))
A76: 2-1-4 | B76: 2. التعليم والتعلم | D76: ★ | E76: 3 | F76: تقرير البرنامج لآخر عامين موضحاً به تقييم نواتج التعلم وخطط التحسين المرتبطة بتقييم نواتج التعلم. | G76: من دليل البكالوريوس | H76: =IFERROR(INDEX('الإعدادات واللجنة'!$C$24:$C$32,MATCH(LEFT(A76,3),'الإعدادات واللجنة'!$A$24:$A$32,0)),"") -> د. احمد بن عوض البشري | K76: =IF(OR(I76="",I76="متوفر ومكتمل"),"",IF(OR(D76="★",I76="غير متوفر"),"عالية","متوسطة"))
A77: 2-1-4 | B77: 2. التعليم والتعلم | D77: ★ | E77: 4 | F77: تقارير قياس نواتج تعلم البرنامج والخطة التحسينية. | G77: من دليل البكالوريوس | H77: =IFERROR(INDEX('الإعدادات واللجنة'!$C$24:$C$32,MATCH(LEFT(A77,3),'الإعدادات واللجنة'!$A$24:$A$32,0)),"") -> د. احمد بن عوض البشري | K77: =IF(OR(I77="",I77="متوفر ومكتمل"),"",IF(OR(D77="★",I77="غير متوفر"),"عالية","متوسطة"))
A78: 2-1-5 | B78: 2. التعليم والتعلم | C78: يتبنى البرنامج استراتيجيات واضحة ومعتمدة للتعليم والتعلم والتقييم تحقق فلسفته التعليمية وتكفل تحقيق نواتج التعلم في البرنامج. | E78: 1 | F78: توصيف البرنامج (يشمل استراتيجيات التعليم والتعلم وطرق تقويم نواتج التعلم للبرنامج) معتمد من مجلس القسم والكلية. | G78: من دليل البكالوريوس | H78: =IFERROR(INDEX('الإعدادات واللجنة'!$C$24:$C$32,MATCH(LEFT(A78,3),'الإعدادات واللجنة'!$A$24:$A$32,0)),"") -> د. احمد بن عوض البشري | K78: =IF(OR(I78="",I78="متوفر ومكتمل"),"",IF(OR(D78="★",I78="غير متوفر"),"عالية","متوسطة"))
A79: 2-1-5 | B79: 2. التعليم والتعلم | E79: 2 | F79: نماذج من تقارير المقررات والبرنامج تظهر الخطط التطويرية بها والمبنية على نتائج تقييم تحقق نواتج التعلم. | G79: من دليل البكالوريوس | H79: =IFERROR(INDEX('الإعدادات واللجنة'!$C$24:$C$32,MATCH(LEFT(A79,3),'الإعدادات واللجنة'!$A$24:$A$32,0)),"") -> د. احمد بن عوض البشري | K79: =IF(OR(I79="",I79="متوفر ومكتمل"),"",IF(OR(D79="★",I79="غير متوفر"),"عالية","متوسطة"))
A80: 2-1-5 | B80: 2. التعليم والتعلم | E80: 3 | F80: الدورات التدريبية المقدمة لأعضاء هيئة التدريس حول استراتيجيات التدريس وأساليب التقويم. | G80: من دليل البكالوريوس | H80: =IFERROR(INDEX('الإعدادات واللجنة'!$C$24:$C$32,MATCH(LEFT(A80,3),'الإعدادات واللجنة'!$A$24:$A$32,0)),"") -> د. احمد بن عوض البشري | K80: =IF(OR(I80="",I80="متوفر ومكتمل"),"",IF(OR(D80="★",I80="غير متوفر"),"عالية","متوسطة"))
A81: 2-1-5 | B81: 2. التعليم والتعلم | E81: 4 | F81: استطلاع رأي الطلاب حول استراتيجيات التعليم والتعلم وأساليب التقييم. | G81: من دليل البكالوريوس | H81: =IFERROR(INDEX('الإعدادات واللجنة'!$C$24:$C$32,MATCH(LEFT(A81,3),'الإعدادات واللجنة'!$A$24:$A$32,0)),"") -> د. احمد بن عوض البشري | K81: =IF(OR(I81="",I81="متوفر ومكتمل"),"",IF(OR(D81="★",I81="غير متوفر"),"عالية","متوسطة"))
A82: 2-2-1 | B82: 2. التعليم والتعلم | C82: يراعي المنهج الدراسي تحقيق أهداف البرنامج ونواتجه التعليمية والتطورات العلمية والتقنية والمهنية في مجال التخصص، ويُراجع بصورة دورية. | D82: ★ | E82: 1 | F82: الدليل الإجرائي لاستحداث وتطوير البرامج والخطط الدراسية. | G82: من دليل البكالوريوس | H82: =IFERROR(INDEX('الإعدادات واللجنة'!$C$24:$C$32,MATCH(LEFT(A82,3),'الإعدادات واللجنة'!$A$24:$A$32,0)),"") -> د. احمد بن عوض البشري | K82: =IF(OR(I82="",I82="متوفر ومكتمل"),"",IF(OR(D82="★",I82="غير متوفر"),"عالية","متوسطة"))
A83: 2-2-1 | B83: 2. التعليم والتعلم | D83: ★ | E83: 2 | F83: توصيف البرنامج (يشمل مصفوفة الربط بين كل من نواتج تعلم البرنامج والمقررات) معتمد من مجلس القسم والكلية. | G83: من دليل البكالوريوس | H83: =IFERROR(INDEX('الإعدادات واللجنة'!$C$24:$C$32,MATCH(LEFT(A83,3),'الإعدادات واللجنة'!$A$24:$A$32,0)),"") -> د. احمد بن عوض البشري | K83: =IF(OR(I83="",I83="متوفر ومكتمل"),"",IF(OR(D83="★",I83="غير متوفر"),"عالية","متوسطة"))
A84: 2-2-1 | B84: 2. التعليم والتعلم | D84: ★ | E84: 3 | F84: توصيفات المقررات موضحاً بها أحدث الكتب والمراجع المقررة في مجال التخصص. | G84: من دليل البكالوريوس | H84: =IFERROR(INDEX('الإعدادات واللجنة'!$C$24:$C$32,MATCH(LEFT(A84,3),'الإعدادات واللجنة'!$A$24:$A$32,0)),"") -> د. احمد بن عوض البشري | K84: =IF(OR(I84="",I84="متوفر ومكتمل"),"",IF(OR(D84="★",I84="غير متوفر"),"عالية","متوسطة"))
A85: 2-2-1 | B85: 2. التعليم والتعلم | D85: ★ | E85: 4 | F85: محاضر اجتماع اللجنة الاستشارية واللجان المعنية ومجلس القسم التي ناقشت تطوير الخطة الدراسية. | G85: من دليل البكالوريوس | H85: =IFERROR(INDEX('الإعدادات واللجنة'!$C$24:$C$32,MATCH(LEFT(A85,3),'الإعدادات واللجنة'!$A$24:$A$32,0)),"") -> د. احمد بن عوض البشري | K85: =IF(OR(I85="",I85="متوفر ومكتمل"),"",IF(OR(D85="★",I85="غير متوفر"),"عالية","متوسطة"))
A86: 2-2-1 | B86: 2. التعليم والتعلم | D86: ★ | E86: 5 | F86: استطلاعات رأي الخريجين وأرباب العمل حول مواكبة نواتج تعلم البرنامج للتطورات العلمية والتقنية والمهنية. | G86: من دليل البكالوريوس | H86: =IFERROR(INDEX('الإعدادات واللجنة'!$C$24:$C$32,MATCH(LEFT(A86,3),'الإعدادات واللجنة'!$A$24:$A$32,0)),"") -> د. احمد بن عوض البشري | K86: =IF(OR(I86="",I86="متوفر ومكتمل"),"",IF(OR(D86="★",I86="غير متوفر"),"عالية","متوسطة"))
A87: 2-2-1 | B87: 2. التعليم والتعلم | D87: ★ | E87: 6 | F87: نماذج من محاضر مراجعة توصيف البرنامج وتوصيف المقررات متضمنة التطورات التي تم إقرارها. | G87: من دليل البكالوريوس | H87: =IFERROR(INDEX('الإعدادات واللجنة'!$C$24:$C$32,MATCH(LEFT(A87,3),'الإعدادات واللجنة'!$A$24:$A$32,0)),"") -> د. احمد بن عوض البشري | K87: =IF(OR(I87="",I87="متوفر ومكتمل"),"",IF(OR(D87="★",I87="غير متوفر"),"عالية","متوسطة"))
A88: 2-2-2 | B88: 2. التعليم والتعلم | C88: تحقق الخطة الدراسية التوازن بين المتطلبات العامة ومتطلبات التخصص، وبين الجوانب النظرية والتطبيقية، كما تراعي التتابع والتكامل بين المقررات الدراسية. | D88: ★ | E88: 1 | F88: مصفوفة التوازن بين المتطلبات العامة (الكلية) ومتطلبات التخصص في الخطة الدراسية للبرنامج. | G88: من دليل البكالوريوس | H88: =IFERROR(INDEX('الإعدادات واللجنة'!$C$24:$C$32,MATCH(LEFT(A88,3),'الإعدادات واللجنة'!$A$24:$A$32,0)),"") -> د. احمد بن عوض البشري | K88: =IF(OR(I88="",I88="متوفر ومكتمل"),"",IF(OR(D88="★",I88="غير متوفر"),"عالية","متوسطة"))
A89: 2-2-2 | B89: 2. التعليم والتعلم | D89: ★ | E89: 2 | F89: مصفوفة التوازن بين الجوانب النظرية والتطبيقية في الخطة الدراسية للبرنامج وفق المقارنة المرجعية الخارجية. | G89: من دليل البكالوريوس | H89: =IFERROR(INDEX('الإعدادات واللجنة'!$C$24:$C$32,MATCH(LEFT(A89,3),'الإعدادات واللجنة'!$A$24:$A$32,0)),"") -> د. احمد بن عوض البشري | K89: =IF(OR(I89="",I89="متوفر ومكتمل"),"",IF(OR(D89="★",I89="غير متوفر"),"عالية","متوسطة"))
A90: 2-2-2 | B90: 2. التعليم والتعلم | D90: ★ | E90: 3 | F90: محاضر اجتماع اللجنة الاستشارية واللجان المعنية ومجلس القسم التي ناقشت تطوير الخطة الدراسية. | G90: من دليل البكالوريوس | H90: =IFERROR(INDEX('الإعدادات واللجنة'!$C$24:$C$32,MATCH(LEFT(A90,3),'الإعدادات واللجنة'!$A$24:$A$32,0)),"") -> د. احمد بن عوض البشري | K90: =IF(OR(I90="",I90="متوفر ومكتمل"),"",IF(OR(D90="★",I90="غير متوفر"),"عالية","متوسطة"))
A91: 2-2-2 | B91: 2. التعليم والتعلم | D91: ★ | E91: 4 | F91: تقييم مراجع مستقل حول التوازن والتتابع والتكامل في الخطة الدراسية للبرنامج. | G91: من دليل البكالوريوس | H91: =IFERROR(INDEX('الإعدادات واللجنة'!$C$24:$C$32,MATCH(LEFT(A91,3),'الإعدادات واللجنة'!$A$24:$A$32,0)),"") -> د. احمد بن عوض البشري | K91: =IF(OR(I91="",I91="متوفر ومكتمل"),"",IF(OR(D91="★",I91="غير متوفر"),"عالية","متوسطة"))
A92: 2-2-3 | B92: 2. التعليم والتعلم | C92: ترتبط نواتج التعلم بالمقررات بنواتج التعلم بالبرنامج (مصفوفة توزيع نواتج تعلم البرنامج على المقررات). | E92: 1 | F92: توصيف البرنامج (يشمل مصفوفة الربط بين كل من نواتج تعلم البرنامج والمقررات) معتمد من مجلس القسم والكلية. | G92: من دليل البكالوريوس | H92: =IFERROR(INDEX('الإعدادات واللجنة'!$C$24:$C$32,MATCH(LEFT(A92,3),'الإعدادات واللجنة'!$A$24:$A$32,0)),"") -> د. احمد بن عوض البشري | K92: =IF(OR(I92="",I92="متوفر ومكتمل"),"",IF(OR(D92="★",I92="غير متوفر"),"عالية","متوسطة"))
A93: 2-2-3 | B93: 2. التعليم والتعلم | E93: 2 | F93: توصيف الخبرة الميدانية (إن وجد). | G93: من دليل البكالوريوس | H93: =IFERROR(INDEX('الإعدادات واللجنة'!$C$24:$C$32,MATCH(LEFT(A93,3),'الإعدادات واللجنة'!$A$24:$A$32,0)),"") -> د. احمد بن عوض البشري | K93: =IF(OR(I93="",I93="متوفر ومكتمل"),"",IF(OR(D93="★",I93="غير متوفر"),"عالية","متوسطة"))
A94: 2-2-3 | B94: 2. التعليم والتعلم | E94: 3 | F94: دليل التدريب الميداني/التعاوني (إن وجد). | G94: من دليل البكالوريوس | H94: =IFERROR(INDEX('الإعدادات واللجنة'!$C$24:$C$32,MATCH(LEFT(A94,3),'الإعدادات واللجنة'!$A$24:$A$32,0)),"") -> د. احمد بن عوض البشري | K94: =IF(OR(I94="",I94="متوفر ومكتمل"),"",IF(OR(D94="★",I94="غير متوفر"),"عالية","متوسطة"))
A95: 2-2-3 | B95: 2. التعليم والتعلم | E95: 4 | F95: توصيف البرنامج المعتمد (جزئية استراتيجيات التدريس وطرق التقويم) مع آراء المحكمين له (إن وجدت) حول توافق ومناسبة استراتيجيات التعليم والتعلم وطرق التقييم. | G95: من دليل البكالوريوس | H95: =IFERROR(INDEX('الإعدادات واللجنة'!$C$24:$C$32,MATCH(LEFT(A95,3),'الإعدادات واللجنة'!$A$24:$A$32,0)),"") -> د. احمد بن عوض البشري | K95: =IF(OR(I95="",I95="متوفر ومكتمل"),"",IF(OR(D95="★",I95="غير متوفر"),"عالية","متوسطة"))
A96: 2-2-4 | B96: 2. التعليم والتعلم | C96: يتأكد البرنامج من تطبيق موحد للخطة الدراسية وتوصيف البرنامج والمقررات التي تُقدم في أكثر من موقع (أقسام الطلاب والطالبات وفي الفروع المختلفة). | D96: ★ | E96: 1 | F96: أدلة تثبت التطبيق الموحد (مثل التعميمات والتقارير) في الشطرين والفروع للخطة الدراسية وتوصيف البرنامج والمقررات والاختبارات. | G96: من دليل البكالوريوس | H96: =IFERROR(INDEX('الإعدادات واللجنة'!$C$24:$C$32,MATCH(LEFT(A96,3),'الإعدادات واللجنة'!$A$24:$A$32,0)),"") -> د. احمد بن عوض البشري | K96: =IF(OR(I96="",I96="متوفر ومكتمل"),"",IF(OR(D96="★",I96="غير متوفر"),"عالية","متوسطة"))
A97: 2-2-4 | B97: 2. التعليم والتعلم | D97: ★ | E97: 2 | F97: نماذج من تقارير المقررات والبرنامج موضحاً بها توحيد الخطة بين البنين والبنات والفروع المختلفة. | G97: من دليل البكالوريوس | H97: =IFERROR(INDEX('الإعدادات واللجنة'!$C$24:$C$32,MATCH(LEFT(A97,3),'الإعدادات واللجنة'!$A$24:$A$32,0)),"") -> د. احمد بن عوض البشري | K97: =IF(OR(I97="",I97="متوفر ومكتمل"),"",IF(OR(D97="★",I97="غير متوفر"),"عالية","متوسطة"))
A98: 2-3-1 | B98: 2. التعليم والتعلم | C98: يتابع البرنامج التزام هيئة التدريس باستراتيجيات التعليم والتعلم وطرق التقييم الواردة في توصيفات البرنامج والمقررات وفق آليات محددة. | D98: ★ | E98: 1 | F98: التعاميم الواردة من إدارة البرنامج بضرورة الالتزام باستراتيجيات التعليم والتعلم وطرق التقييم الواردة في توصيفات البرنامج والمقررات. | G98: من دليل البكالوريوس | H98: =IFERROR(INDEX('الإعدادات واللجنة'!$C$24:$C$32,MATCH(LEFT(A98,3),'الإعدادات واللجنة'!$A$24:$A$32,0)),"") -> د. يثرب بنت سعد القحطاني | K98: =IF(OR(I98="",I98="متوفر ومكتمل"),"",IF(OR(D98="★",I98="غير متوفر"),"عالية","متوسطة"))
A99: 2-3-1 | B99: 2. التعليم والتعلم | D99: ★ | E99: 2 | F99: نماذج من ملف المقرر. | G99: من دليل البكالوريوس | H99: =IFERROR(INDEX('الإعدادات واللجنة'!$C$24:$C$32,MATCH(LEFT(A99,3),'الإعدادات واللجنة'!$A$24:$A$32,0)),"") -> د. يثرب بنت سعد القحطاني | K99: =IF(OR(I99="",I99="متوفر ومكتمل"),"",IF(OR(D99="★",I99="غير متوفر"),"عالية","متوسطة"))
A100: 2-3-1 | B100: 2. التعليم والتعلم | D100: ★ | E100: 3 | F100: تقرير تقييم الطلبة للمقرر وخاصة حول مدى التزام أعضاء هيئة التدريس باستراتيجيات التعليم والتعلم وأساليب التقويم المحددة في توصيف البرنامج والمقررات الدراسية. | G100: من دليل البكالوريوس | H100: =IFERROR(INDEX('الإعدادات واللجنة'!$C$24:$C$32,MATCH(LEFT(A100,3),'الإعدادات واللجنة'!$A$24:$A$32,0)),"") -> د. يثرب بنت سعد القحطاني | K100: =IF(OR(I100="",I100="متوفر ومكتمل"),"",IF(OR(D100="★",I100="غير متوفر"),"عالية","متوسطة"))
A101: 2-3-1 | B101: 2. التعليم والتعلم | D101: ★ | E101: 4 | F101: تقارير الزيارات المتبادلة بين أعضاء هيئة التدريس حول الالتزام باستراتيجيات التعليم والتعلم وطرق التقييم. | G101: من دليل البكالوريوس | H101: =IFERROR(INDEX('الإعدادات واللجنة'!$C$24:$C$32,MATCH(LEFT(A101,3),'الإعدادات واللجنة'!$A$24:$A$32,0)),"") -> د. يثرب بنت سعد القحطاني | K101: =IF(OR(I101="",I101="متوفر ومكتمل"),"",IF(OR(D101="★",I101="غير متوفر"),"عالية","متوسطة"))
...
