Workbook

Sheet الخطة واللجنة
A1: خطة المرحلة الأولى للاعتماد البرامجي: التحقق من الأدلة وتحديد الفجوات
A2: الهدف: التحقق من وجود أدلة كل معيار وجودتها في البرنامجين، وتحديد الفجوات وخطة معالجتها خلال 6 أسابيع.
A4: البرنامج الأول | B4: بكالوريوس علوم البيانات
A5: البرنامج الثاني | B5: بكالوريوس علوم الحاسب
A7: ① الخطة الزمنية
A8: الأسبوع | B8: العمل | C8: المسؤول | D8: المخرج | E8: تم ✓
A9: 1 | B9: اجتماع الانطلاق: شرح الدليل وطريقة التقييم، توزيع المهام، إنشاء مجلد الأدلة (مجلد لكل برنامج ← لكل معيار)، وتقييم 3 أدلة معاً لتوحيد الحكم | C9: رئيس اللجنة + المنسق | D9: توزيع معتمد + مجلد أدلة جاهز
A10: 2 – 3 | B10: جمع الأدلة للبرنامجين معاً وتعبئة "حالة الدليل" و"سبب النقص" في ورقتي الفحص، ومخاطبة الجهات المساندة للأدلة المؤسسية | C10: كل عضو في معاييره | D10: ورقتا الفحص معبأتان
A11: 4 | B11: مراجعة متقاطعة: يراجع كل عضو عمل زميله في البرنامج الآخر، ويراجع الرئيس المعايير الأساسية ★ | C11: الأعضاء + رئيس اللجنة | D11: نتائج مراجَعة ومعتمدة
A12: 5 | B12: كتابة الإجراء المطلوب والموعد لكل دليل ناقص، وتمييز الفجوات المشتركة بين البرنامجين لمعالجتها مرة واحدة | C12: كل عضو في معاييره | D12: خطة معالجة الفجوات
A13: 6 | B13: إعداد تقرير الجاهزية من ورقة الملخص وعرضه على مجلس القسم/الكلية لاعتماد خطة المعالجة | C13: رئيس اللجنة + المنسق | D13: تقرير جاهزية معتمد
A15: اجتماع متابعة أسبوعي قصير (45 دقيقة) يراجع ورقة الملخص والعوائق.
A17: ② توزيع اللجنة (اكتب الأسماء في الخلايا الصفراء)
A18: م | B18: الاسم | C18: الدور | D18: المعايير المكلّف بها | E18: عدد الأدلة
A19: 1 | B19: عضو 1 | C19: رئيس اللجنة | D19: محور جودة التدريس وتقييم الطالب (2-3) للبرنامجين + مراجعة المعايير الأساسية ★ | E19: =COUNTIF('فحص-البرنامج1'!$E:$E,B19)+COUNTIF('فحص-البرنامج2'!$E:$E,B19) -> 50
A20: 2 | B20: عضو 2 | C20: منسق اللجنة (مسؤول الأدلة والملخص) | D20: مجال مصادر التعلم والمرافق (5) للبرنامجين + تنظيم مجلد الأدلة | E20: =COUNTIF('فحص-البرنامج1'!$E:$E,B20)+COUNTIF('فحص-البرنامج2'!$E:$E,B20) -> 38
A21: 3 | B21: عضو 3 | C21: عضو | D21: مجال إدارة البرنامج وضمان الجودة (1) – البرنامج الأول | E21: =COUNTIF('فحص-البرنامج1'!$E:$E,B21)+COUNTIF('فحص-البرنامج2'!$E:$E,B21) -> 52
A22: 4 | B22: عضو 4 | C22: عضو | D22: مجال إدارة البرنامج وضمان الجودة (1) – البرنامج الثاني | E22: =COUNTIF('فحص-البرنامج1'!$E:$E,B22)+COUNTIF('فحص-البرنامج2'!$E:$E,B22) -> 52
A23: 5 | B23: عضو 5 | C23: عضو | D23: نواتج التعلم والمنهج الدراسي (2-1، 2-2) – البرنامج الأول | E23: =COUNTIF('فحص-البرنامج1'!$E:$E,B23)+COUNTIF('فحص-البرنامج2'!$E:$E,B23) -> 50
A24: 6 | B24: عضو 6 | C24: عضو | D24: نواتج التعلم والمنهج الدراسي (2-1، 2-2) – البرنامج الثاني | E24: =COUNTIF('فحص-البرنامج1'!$E:$E,B24)+COUNTIF('فحص-البرنامج2'!$E:$E,B24) -> 50
A25: 7 | B25: عضو 7 | C25: عضو | D25: مجالا الطالب (3) وهيئة التدريس (4) – البرنامج الأول | E25: =COUNTIF('فحص-البرنامج1'!$E:$E,B25)+COUNTIF('فحص-البرنامج2'!$E:$E,B25) -> 58
A26: 8 | B26: عضو 8 | C26: عضو | D26: مجالا الطالب (3) وهيئة التدريس (4) – البرنامج الثاني | E26: =COUNTIF('فحص-البرنامج1'!$E:$E,B26)+COUNTIF('فحص-البرنامج2'!$E:$E,B26) -> 58
A27: المراجعة المتقاطعة (الأسبوع 4): العضو 3 ↔ 4، العضو 5 ↔ 6، العضو 7 ↔ 8، ويراجع الرئيس عمل المنسق، ويراجع العضوان 5 و6 عمل الرئيس.
A30: ③ طريقة التقييم (لكل دليل خانتان فقط)
A31: الخانة | B31: الاختيارات
A32: حالة الدليل | B32: متوفر ومكتمل • متوفر ويحتاج تحسين • غير متوفر
A33: سبب النقص (إن وُجد) | B33: غير معتمد • غير محدّث • لا يغطي المعيار كاملاً • لا يثبت التطبيق الفعلي • لا توجد نتائج وتحسين
A34: الدليل "المكتمل" | B34: هو الدليل المعتمد رسمياً، المحدَّث، الذي يغطي المعيار كاملاً، ويثبت التطبيق الفعلي، ويتضمن نتائج وتحسيناً مبنياً عليها
A35: الأولوية (تلقائية) | B35: عالية: إذا كان الدليل غير متوفر أو كان المعيار أساسياً ★ • متوسطة: بقية الأدلة التي تحتاج تحسيناً
A36: المعايير الأساسية ★ | B36: 15 معياراً مظللة بالأصفر في ورقتي الفحص – نبدأ بها لأنها تؤثر مباشرة في قرار الاعتماد

Sheet الملخص
A1: ملخص الجاهزية (يتحدث تلقائياً)
A2: نسبة الاكتمال = الأدلة المتوفرة والمكتملة ÷ إجمالي الأدلة. استخدم الفلتر في ورقة الفحص على عمود "حالة الدليل" لعرض الفجوات.
A4: ='الخطة واللجنة'!$B$4 -> بكالوريوس علوم البيانات
A5: المجال | B5: عدد الأدلة | C5: مكتمل | D5: يحتاج تحسين | E5: غير متوفر | F5: لم يُقيَّم بعد | G5: نسبة الاكتمال | H5: فجوات عالية الأولوية
A6: 1. إدارة البرنامج وضمان جودته | B6: =COUNTIF('فحص-البرنامج1'!$A$4:$A$207,"*1") -> 52 | C6: =COUNTIFS('فحص-البرنامج1'!$A$4:$A$207,"*1",'فحص-البرنامج1'!$F$4:$F$207,"متوفر ومكتمل") -> 0 | D6: =COUNTIFS('فحص-البرنامج1'!$A$4:$A$207,"*1",'فحص-البرنامج1'!$F$4:$F$207,"متوفر ويحتاج تحسين") -> 0 | E6: =COUNTIFS('فحص-البرنامج1'!$A$4:$A$207,"*1",'فحص-البرنامج1'!$F$4:$F$207,"غير متوفر") -> 0 | F6: =B6-SUM(C6:E6) -> 52 | G6: =IF(B6=0,0,C6/B6) -> 0 | H6: =COUNTIFS('فحص-البرنامج1'!$A$4:$A$207,"*1",'فحص-البرنامج1'!$H$4:$H$207,"عالية") -> 0
A7: 2. التعليم والتعلم | B7: =COUNTIF('فحص-البرنامج1'!$A$4:$A$207,"*2") -> 75 | C7: =COUNTIFS('فحص-البرنامج1'!$A$4:$A$207,"*2",'فحص-البرنامج1'!$F$4:$F$207,"متوفر ومكتمل") -> 0 | D7: =COUNTIFS('فحص-البرنامج1'!$A$4:$A$207,"*2",'فحص-البرنامج1'!$F$4:$F$207,"متوفر ويحتاج تحسين") -> 0 | E7: =COUNTIFS('فحص-البرنامج1'!$A$4:$A$207,"*2",'فحص-البرنامج1'!$F$4:$F$207,"غير متوفر") -> 0 | F7: =B7-SUM(C7:E7) -> 75 | G7: =IF(B7=0,0,C7/B7) -> 0 | H7: =COUNTIFS('فحص-البرنامج1'!$A$4:$A$207,"*2",'فحص-البرنامج1'!$H$4:$H$207,"عالية") -> 0
A8: 3. الطالب | B8: =COUNTIF('فحص-البرنامج1'!$A$4:$A$207,"*3") -> 32 | C8: =COUNTIFS('فحص-البرنامج1'!$A$4:$A$207,"*3",'فحص-البرنامج1'!$F$4:$F$207,"متوفر ومكتمل") -> 0 | D8: =COUNTIFS('فحص-البرنامج1'!$A$4:$A$207,"*3",'فحص-البرنامج1'!$F$4:$F$207,"متوفر ويحتاج تحسين") -> 0 | E8: =COUNTIFS('فحص-البرنامج1'!$A$4:$A$207,"*3",'فحص-البرنامج1'!$F$4:$F$207,"غير متوفر") -> 0 | F8: =B8-SUM(C8:E8) -> 32 | G8: =IF(B8=0,0,C8/B8) -> 0 | H8: =COUNTIFS('فحص-البرنامج1'!$A$4:$A$207,"*3",'فحص-البرنامج1'!$H$4:$H$207,"عالية") -> 0
A9: 4. هيئة التدريس | B9: =COUNTIF('فحص-البرنامج1'!$A$4:$A$207,"*4") -> 26 | C9: =COUNTIFS('فحص-البرنامج1'!$A$4:$A$207,"*4",'فحص-البرنامج1'!$F$4:$F$207,"متوفر ومكتمل") -> 0 | D9: =COUNTIFS('فحص-البرنامج1'!$A$4:$A$207,"*4",'فحص-البرنامج1'!$F$4:$F$207,"متوفر ويحتاج تحسين") -> 0 | E9: =COUNTIFS('فحص-البرنامج1'!$A$4:$A$207,"*4",'فحص-البرنامج1'!$F$4:$F$207,"غير متوفر") -> 0 | F9: =B9-SUM(C9:E9) -> 26 | G9: =IF(B9=0,0,C9/B9) -> 0 | H9: =COUNTIFS('فحص-البرنامج1'!$A$4:$A$207,"*4",'فحص-البرنامج1'!$H$4:$H$207,"عالية") -> 0
A10: 5. مصادر التعلم والمرافق والتجهيزات | B10: =COUNTIF('فحص-البرنامج1'!$A$4:$A$207,"*5") -> 19 | C10: =COUNTIFS('فحص-البرنامج1'!$A$4:$A$207,"*5",'فحص-البرنامج1'!$F$4:$F$207,"متوفر ومكتمل") -> 0 | D10: =COUNTIFS('فحص-البرنامج1'!$A$4:$A$207,"*5",'فحص-البرنامج1'!$F$4:$F$207,"متوفر ويحتاج تحسين") -> 0 | E10: =COUNTIFS('فحص-البرنامج1'!$A$4:$A$207,"*5",'فحص-البرنامج1'!$F$4:$F$207,"غير متوفر") -> 0 | F10: =B10-SUM(C10:E10) -> 19 | G10: =IF(B10=0,0,C10/B10) -> 0 | H10: =COUNTIFS('فحص-البرنامج1'!$A$4:$A$207,"*5",'فحص-البرنامج1'!$H$4:$H$207,"عالية") -> 0
A11: المعايير الأساسية ★ (15) | B11: =COUNTIF('فحص-البرنامج1'!$C$4:$C$207,"★") -> 66 | C11: =COUNTIFS('فحص-البرنامج1'!$C$4:$C$207,"★",'فحص-البرنامج1'!$F$4:$F$207,"متوفر ومكتمل") -> 0 | D11: =COUNTIFS('فحص-البرنامج1'!$C$4:$C$207,"★",'فحص-البرنامج1'!$F$4:$F$207,"متوفر ويحتاج تحسين") -> 0 | E11: =COUNTIFS('فحص-البرنامج1'!$C$4:$C$207,"★",'فحص-البرنامج1'!$F$4:$F$207,"غير متوفر") -> 0 | F11: =B11-SUM(C11:E11) -> 66 | G11: =IF(B11=0,0,C11/B11) -> 0 | H11: =COUNTIFS('فحص-البرنامج1'!$C$4:$C$207,"★",'فحص-البرنامج1'!$H$4:$H$207,"عالية") -> 0
A12: الإجمالي | B12: =COUNTIF('فحص-البرنامج1'!$A$4:$A$207,"*") -> 204 | C12: =COUNTIFS('فحص-البرنامج1'!$A$4:$A$207,"*",'فحص-البرنامج1'!$F$4:$F$207,"متوفر ومكتمل") -> 0 | D12: =COUNTIFS('فحص-البرنامج1'!$A$4:$A$207,"*",'فحص-البرنامج1'!$F$4:$F$207,"متوفر ويحتاج تحسين") -> 0 | E12: =COUNTIFS('فحص-البرنامج1'!$A$4:$A$207,"*",'فحص-البرنامج1'!$F$4:$F$207,"غير متوفر") -> 0 | F12: =B12-SUM(C12:E12) -> 204 | G12: =IF(B12=0,0,C12/B12) -> 0 | H12: =COUNTIFS('فحص-البرنامج1'!$A$4:$A$207,"*",'فحص-البرنامج1'!$H$4:$H$207,"عالية") -> 0
A14: ='الخطة واللجنة'!$B$5 -> بكالوريوس علوم الحاسب
A15: المجال | B15: عدد الأدلة | C15: مكتمل | D15: يحتاج تحسين | E15: غير متوفر | F15: لم يُقيَّم بعد | G15: نسبة الاكتمال | H15: فجوات عالية الأولوية
A16: 1. إدارة البرنامج وضمان جودته | B16: =COUNTIF('فحص-البرنامج2'!$A$4:$A$207,"*1") -> 52 | C16: =COUNTIFS('فحص-البرنامج2'!$A$4:$A$207,"*1",'فحص-البرنامج2'!$F$4:$F$207,"متوفر ومكتمل") -> 0 | D16: =COUNTIFS('فحص-البرنامج2'!$A$4:$A$207,"*1",'فحص-البرنامج2'!$F$4:$F$207,"متوفر ويحتاج تحسين") -> 0 | E16: =COUNTIFS('فحص-البرنامج2'!$A$4:$A$207,"*1",'فحص-البرنامج2'!$F$4:$F$207,"غير متوفر") -> 0 | F16: =B16-SUM(C16:E16) -> 52 | G16: =IF(B16=0,0,C16/B16) -> 0 | H16: =COUNTIFS('فحص-البرنامج2'!$A$4:$A$207,"*1",'فحص-البرنامج2'!$H$4:$H$207,"عالية") -> 0
A17: 2. التعليم والتعلم | B17: =COUNTIF('فحص-البرنامج2'!$A$4:$A$207,"*2") -> 75 | C17: =COUNTIFS('فحص-البرنامج2'!$A$4:$A$207,"*2",'فحص-البرنامج2'!$F$4:$F$207,"متوفر ومكتمل") -> 0 | D17: =COUNTIFS('فحص-البرنامج2'!$A$4:$A$207,"*2",'فحص-البرنامج2'!$F$4:$F$207,"متوفر ويحتاج تحسين") -> 0 | E17: =COUNTIFS('فحص-البرنامج2'!$A$4:$A$207,"*2",'فحص-البرنامج2'!$F$4:$F$207,"غير متوفر") -> 0 | F17: =B17-SUM(C17:E17) -> 75 | G17: =IF(B17=0,0,C17/B17) -> 0 | H17: =COUNTIFS('فحص-البرنامج2'!$A$4:$A$207,"*2",'فحص-البرنامج2'!$H$4:$H$207,"عالية") -> 0
A18: 3. الطالب | B18: =COUNTIF('فحص-البرنامج2'!$A$4:$A$207,"*3") -> 32 | C18: =COUNTIFS('فحص-البرنامج2'!$A$4:$A$207,"*3",'فحص-البرنامج2'!$F$4:$F$207,"متوفر ومكتمل") -> 0 | D18: =COUNTIFS('فحص-البرنامج2'!$A$4:$A$207,"*3",'فحص-البرنامج2'!$F$4:$F$207,"متوفر ويحتاج تحسين") -> 0 | E18: =COUNTIFS('فحص-البرنامج2'!$A$4:$A$207,"*3",'فحص-البرنامج2'!$F$4:$F$207,"غير متوفر") -> 0 | F18: =B18-SUM(C18:E18) -> 32 | G18: =IF(B18=0,0,C18/B18) -> 0 | H18: =COUNTIFS('فحص-البرنامج2'!$A$4:$A$207,"*3",'فحص-البرنامج2'!$H$4:$H$207,"عالية") -> 0
A19: 4. هيئة التدريس | B19: =COUNTIF('فحص-البرنامج2'!$A$4:$A$207,"*4") -> 26 | C19: =COUNTIFS('فحص-البرنامج2'!$A$4:$A$207,"*4",'فحص-البرنامج2'!$F$4:$F$207,"متوفر ومكتمل") -> 0 | D19: =COUNTIFS('فحص-البرنامج2'!$A$4:$A$207,"*4",'فحص-البرنامج2'!$F$4:$F$207,"متوفر ويحتاج تحسين") -> 0 | E19: =COUNTIFS('فحص-البرنامج2'!$A$4:$A$207,"*4",'فحص-البرنامج2'!$F$4:$F$207,"غير متوفر") -> 0 | F19: =B19-SUM(C19:E19) -> 26 | G19: =IF(B19=0,0,C19/B19) -> 0 | H19: =COUNTIFS('فحص-البرنامج2'!$A$4:$A$207,"*4",'فحص-البرنامج2'!$H$4:$H$207,"عالية") -> 0
A20: 5. مصادر التعلم والمرافق والتجهيزات | B20: =COUNTIF('فحص-البرنامج2'!$A$4:$A$207,"*5") -> 19 | C20: =COUNTIFS('فحص-البرنامج2'!$A$4:$A$207,"*5",'فحص-البرنامج2'!$F$4:$F$207,"متوفر ومكتمل") -> 0 | D20: =COUNTIFS('فحص-البرنامج2'!$A$4:$A$207,"*5",'فحص-البرنامج2'!$F$4:$F$207,"متوفر ويحتاج تحسين") -> 0 | E20: =COUNTIFS('فحص-البرنامج2'!$A$4:$A$207,"*5",'فحص-البرنامج2'!$F$4:$F$207,"غير متوفر") -> 0 | F20: =B20-SUM(C20:E20) -> 19 | G20: =IF(B20=0,0,C20/B20) -> 0 | H20: =COUNTIFS('فحص-البرنامج2'!$A$4:$A$207,"*5",'فحص-البرنامج2'!$H$4:$H$207,"عالية") -> 0
A21: المعايير الأساسية ★ (15) | B21: =COUNTIF('فحص-البرنامج2'!$C$4:$C$207,"★") -> 66 | C21: =COUNTIFS('فحص-البرنامج2'!$C$4:$C$207,"★",'فحص-البرنامج2'!$F$4:$F$207,"متوفر ومكتمل") -> 0 | D21: =COUNTIFS('فحص-البرنامج2'!$C$4:$C$207,"★",'فحص-البرنامج2'!$F$4:$F$207,"متوفر ويحتاج تحسين") -> 0 | E21: =COUNTIFS('فحص-البرنامج2'!$C$4:$C$207,"★",'فحص-البرنامج2'!$F$4:$F$207,"غير متوفر") -> 0 | F21: =B21-SUM(C21:E21) -> 66 | G21: =IF(B21=0,0,C21/B21) -> 0 | H21: =COUNTIFS('فحص-البرنامج2'!$C$4:$C$207,"★",'فحص-البرنامج2'!$H$4:$H$207,"عالية") -> 0
A22: الإجمالي | B22: =COUNTIF('فحص-البرنامج2'!$A$4:$A$207,"*") -> 204 | C22: =COUNTIFS('فحص-البرنامج2'!$A$4:$A$207,"*",'فحص-البرنامج2'!$F$4:$F$207,"متوفر ومكتمل") -> 0 | D22: =COUNTIFS('فحص-البرنامج2'!$A$4:$A$207,"*",'فحص-البرنامج2'!$F$4:$F$207,"متوفر ويحتاج تحسين") -> 0 | E22: =COUNTIFS('فحص-البرنامج2'!$A$4:$A$207,"*",'فحص-البرنامج2'!$F$4:$F$207,"غير متوفر") -> 0 | F22: =B22-SUM(C22:E22) -> 204 | G22: =IF(B22=0,0,C22/B22) -> 0 | H22: =COUNTIFS('فحص-البرنامج2'!$A$4:$A$207,"*",'فحص-البرنامج2'!$H$4:$H$207,"عالية") -> 0
A24: أكثر أسباب النقص
A25: سبب النقص | B25: ='الخطة واللجنة'!$B$4 -> بكالوريوس علوم البيانات | C25: ='الخطة واللجنة'!$B$5 -> بكالوريوس علوم الحاسب
A26: غير معتمد | B26: =COUNTIF('فحص-البرنامج1'!$G$4:$G$207,"غير معتمد") -> 0 | C26: =COUNTIF('فحص-البرنامج2'!$G$4:$G$207,"غير معتمد") -> 0
A27: غير محدّث | B27: =COUNTIF('فحص-البرنامج1'!$G$4:$G$207,"غير محدّث") -> 0 | C27: =COUNTIF('فحص-البرنامج2'!$G$4:$G$207,"غير محدّث") -> 0
A28: لا يغطي المعيار كاملاً | B28: =COUNTIF('فحص-البرنامج1'!$G$4:$G$207,"لا يغطي المعيار كاملاً") -> 0 | C28: =COUNTIF('فحص-البرنامج2'!$G$4:$G$207,"لا يغطي المعيار كاملاً") -> 0
A29: لا يثبت التطبيق الفعلي | B29: =COUNTIF('فحص-البرنامج1'!$G$4:$G$207,"لا يثبت التطبيق الفعلي") -> 0 | C29: =COUNTIF('فحص-البرنامج2'!$G$4:$G$207,"لا يثبت التطبيق الفعلي") -> 0
A30: لا توجد نتائج وتحسين | B30: =COUNTIF('فحص-البرنامج1'!$G$4:$G$207,"لا توجد نتائج وتحسين") -> 0 | C30: =COUNTIF('فحص-البرنامج2'!$G$4:$G$207,"لا توجد نتائج وتحسين") -> 0

Sheet فحص-البرنامج1
A1: ="فحص الأدلة – "&'الخطة واللجنة'!$B$4 -> فحص الأدلة – بكالوريوس علوم البيانات
A2: عبّئ الخلايا الصفراء فقط: اختر حالة الدليل، وإن كان ناقصاً اختر السبب واكتب الإجراء والموعد. الصفوف المظللة = معايير أساسية ★
A3: الرمز | B3: نص المعيار | C3: أساسي | D3: الدليل / الشاهد المقترح | E3: المسؤول | F3: حالة الدليل | G3: سبب النقص | H3: الأولوية | I3: الإجراء المطلوب | J3: الموعد | K3: رابط / مسار الدليل | L3: ملاحظات
A4: 1-1-1 | B4: تتسق رسالة البرنامج وأهدافه مع رسالة المؤسسة/الكلية وتوجّه جميع عملياته وأنشطته. | D4: مصفوفة اتساق رسالة وأهداف البرنامج مع رسالة وأهداف الجامعة والكلية. | E4: ='الخطة واللجنة'!$B$21 -> عضو 3 | H4: =IF(OR(F4="",F4="متوفر ومكتمل"),"",IF(OR(C4="★",F4="غير متوفر"),"عالية","متوسطة"))
A5: 1-1-1 | D5: إعلان رسالة وأهداف البرنامج على الموقع الإلكتروني للبرنامج. | E5: ='الخطة واللجنة'!$B$21 -> عضو 3 | H5: =IF(OR(F5="",F5="متوفر ومكتمل"),"",IF(OR(C5="★",F5="غير متوفر"),"عالية","متوسطة"))
A6: 1-1-1 | D6: الخطة التشغيلية للبرنامج وتقاريرها وتشمل البحث العلمي وخدمة المجتمع. | E6: ='الخطة واللجنة'!$B$21 -> عضو 3 | H6: =IF(OR(F6="",F6="متوفر ومكتمل"),"",IF(OR(C6="★",F6="غير متوفر"),"عالية","متوسطة"))
A7: 1-1-1 | D7: تقرير استطلاع رأي المستفيدين حول وضوح ونشر الرسالة والأهداف. | E7: ='الخطة واللجنة'!$B$21 -> عضو 3 | H7: =IF(OR(F7="",F7="متوفر ومكتمل"),"",IF(OR(C7="★",F7="غير متوفر"),"عالية","متوسطة"))
A8: 2-1-1 | B8: يتوفر لدى البرنامج العدد الكافي من الكوادر المؤهلة للقيام بالمهام الإدارية والمهنية والفنية، ولهم مهام وصلاحيات محددة. | C8: ★ | D8: قاعدة بيانات محدثة لأعضاء هيئة التدريس بالبرنامج والإداريين والفنيين. | E8: ='الخطة واللجنة'!$B$21 -> عضو 3 | H8: =IF(OR(F8="",F8="متوفر ومكتمل"),"",IF(OR(C8="★",F8="غير متوفر"),"عالية","متوسطة"))
A9: 2-1-1 | C9: ★ | D9: السير الذاتية لأعضاء هيئة التدريس، وقيادات البرنامج، والإداريين، والفنيين. | E9: ='الخطة واللجنة'!$B$21 -> عضو 3 | H9: =IF(OR(F9="",F9="متوفر ومكتمل"),"",IF(OR(C9="★",F9="غير متوفر"),"عالية","متوسطة"))
A10: 2-1-1 | C10: ★ | D10: نماذج من تشكيلات اللجان بالبرنامج محددة المهام. | E10: ='الخطة واللجنة'!$B$21 -> عضو 3 | H10: =IF(OR(F10="",F10="متوفر ومكتمل"),"",IF(OR(C10="★",F10="غير متوفر"),"عالية","متوسطة"))
A11: 2-1-1 | C11: ★ | D11: معايير اختيار القيادات الأكاديمية والإدارية. | E11: ='الخطة واللجنة'!$B$21 -> عضو 3 | H11: =IF(OR(F11="",F11="متوفر ومكتمل"),"",IF(OR(C11="★",F11="غير متوفر"),"عالية","متوسطة"))
A12: 2-1-1 | C12: ★ | D12: استبانة تقييم القيادات الأكاديمية والإدارية بالبرنامج. | E12: ='الخطة واللجنة'!$B$21 -> عضو 3 | H12: =IF(OR(F12="",F12="متوفر ومكتمل"),"",IF(OR(C12="★",F12="غير متوفر"),"عالية","متوسطة"))
A13: 3-1-1 | B13: يتوفر للبرنامج منظومة تحفيزية وبيئة أكاديمية داعمة. | D13: دليل جوائز التميز بالكلية/الجامعة. | E13: ='الخطة واللجنة'!$B$21 -> عضو 3 | H13: =IF(OR(F13="",F13="متوفر ومكتمل"),"",IF(OR(C13="★",F13="غير متوفر"),"عالية","متوسطة"))
A14: 3-1-1 | D14: نماذج من شهادات (تميز/تقدير) منسوبي البرنامج والإداريين والفنيين. | E14: ='الخطة واللجنة'!$B$21 -> عضو 3 | H14: =IF(OR(F14="",F14="متوفر ومكتمل"),"",IF(OR(C14="★",F14="غير متوفر"),"عالية","متوسطة"))
A15: 3-1-1 | D15: قائمة بالمرافق والتجهيزات التعليمية والبحثية للبرنامج. | E15: ='الخطة واللجنة'!$B$21 -> عضو 3 | H15: =IF(OR(F15="",F15="متوفر ومكتمل"),"",IF(OR(C15="★",F15="غير متوفر"),"عالية","متوسطة"))
A16: 3-1-1 | D16: قائمة بالمرافق والتجهيزات الخاصة بالأنشطة اللاصفية بالبرنامج. | E16: ='الخطة واللجنة'!$B$21 -> عضو 3 | H16: =IF(OR(F16="",F16="متوفر ومكتمل"),"",IF(OR(C16="★",F16="غير متوفر"),"عالية","متوسطة"))
A17: 3-1-1 | D17: تقييمات أعضاء هيئة التدريس والإداريين والفنيين والطلاب للمناخ التنظيمي والبيئة الأكاديمية. | E17: ='الخطة واللجنة'!$B$21 -> عضو 3 | H17: =IF(OR(F17="",F17="متوفر ومكتمل"),"",IF(OR(C17="★",F17="غير متوفر"),"عالية","متوسطة"))
A18: 4-1-1 | B18: يتم القياس المستمر لمؤشرات أداء البرنامج الرئيسة، وتُتخذ الإجراءات اللازمة للتحسين. | D18: تقرير مؤشرات الأداء الرئيسة للبرنامج. | E18: ='الخطة واللجنة'!$B$21 -> عضو 3 | H18: =IF(OR(F18="",F18="متوفر ومكتمل"),"",IF(OR(C18="★",F18="غير متوفر"),"عالية","متوسطة"))
A19: 4-1-1 | D19: تقرير إنجاز الخطة التشغيلية للبرنامج مع خطة التحسين. | E19: ='الخطة واللجنة'!$B$21 -> عضو 3 | H19: =IF(OR(F19="",F19="متوفر ومكتمل"),"",IF(OR(C19="★",F19="غير متوفر"),"عالية","متوسطة"))
A20: 5-1-1 | B20: يوثّق البرنامج وينشر السياسات والحقوق والواجبات الخاصة بمنسوبيه بصورة معلنة، ويطبق آليات تضمن النزاهة والعدالة والمساواة في جميع ممارساته الأكاديمية والإدارية بين شطري الطلاب والطالبات والفروع (إن وجدت). | D20: لوحة/دليل موضح فيه السياسات والحقوق والواجبات وتكون معلنة. | E20: ='الخطة واللجنة'!$B$21 -> عضو 3 | H20: =IF(OR(F20="",F20="متوفر ومكتمل"),"",IF(OR(C20="★",F20="غير متوفر"),"عالية","متوسطة"))
A21: 5-1-1 | D21: استطلاع رأي أعضاء هيئة التدريس والطلبة عن تطبيق إدارة البرنامج لآليات النزاهة والعدالة والمساواة. | E21: ='الخطة واللجنة'!$B$21 -> عضو 3 | H21: =IF(OR(F21="",F21="متوفر ومكتمل"),"",IF(OR(C21="★",F21="غير متوفر"),"عالية","متوسطة"))
A22: 5-1-1 | D22: الشواهد على مدى تكافؤ الإمكانيات المادية والبشرية بين شطري الطالب والطالبات. | E22: ='الخطة واللجنة'!$B$21 -> عضو 3 | H22: =IF(OR(F22="",F22="متوفر ومكتمل"),"",IF(OR(C22="★",F22="غير متوفر"),"عالية","متوسطة"))
A23: 5-1-1 | D23: تشكيل اللجان والمجالس العاملة بالقسم بما يتضمن إشراك الجنسين والفروع (إن وجدت)، وكذا تمويل الأبحاث والمشاريع وحضور المؤتمرات. | E23: ='الخطة واللجنة'!$B$21 -> عضو 3 | H23: =IF(OR(F23="",F23="متوفر ومكتمل"),"",IF(OR(C23="★",F23="غير متوفر"),"عالية","متوسطة"))
A24: 6-1-1 | B24: تستفيد إدارة البرنامج من آراء المختصين والخبراء في تشكيل لجنة استشارية متنوعة الأعضاء وموضحة المهام، وتخصص البرنامج في تقييم وتطوير وتحسين أدائه. | D24: قرار تشكيل اللجنة الاستشارية للبرنامج المتنوعة الأعضاء والموضح مهامها. | E24: ='الخطة واللجنة'!$B$21 -> عضو 3 | H24: =IF(OR(F24="",F24="متوفر ومكتمل"),"",IF(OR(C24="★",F24="غير متوفر"),"عالية","متوسطة"))
A25: 6-1-1 | D25: نماذج من محاضر اللجنة الاستشارية للبرنامج متضمنة التوصيات وخطط تفعيلها. | E25: ='الخطة واللجنة'!$B$21 -> عضو 3 | H25: =IF(OR(F25="",F25="متوفر ومكتمل"),"",IF(OR(C25="★",F25="غير متوفر"),"عالية","متوسطة"))
A26: 6-1-1 | D26: تقرير استطلاع رأي جهات التوظيف حول الخريجين وتوصيات وخطط التحسين. | E26: ='الخطة واللجنة'!$B$21 -> عضو 3 | H26: =IF(OR(F26="",F26="متوفر ومكتمل"),"",IF(OR(C26="★",F26="غير متوفر"),"عالية","متوسطة"))
A27: 6-1-1 | D27: محاضر مجلس القسم متضمنة مناقشة توصيات اللجنة الاستشارية واستطلاع رأي جهات التوظيف وأي مقترحات تطوير من خبراء التخصص. | E27: ='الخطة واللجنة'!$B$21 -> عضو 3 | H27: =IF(OR(F27="",F27="متوفر ومكتمل"),"",IF(OR(C27="★",F27="غير متوفر"),"عالية","متوسطة"))
A28: 7-1-1 | B28: تتيح إدارة البرنامج معلومات موثوقة ومحدّثة تُبرز إنجازات البرنامج بما يتناسب مع احتياجات المستفيدين. | D28: الدليل التعريفي للبرنامج. | E28: ='الخطة واللجنة'!$B$21 -> عضو 3 | H28: =IF(OR(F28="",F28="متوفر ومكتمل"),"",IF(OR(C28="★",F28="غير متوفر"),"عالية","متوسطة"))
A29: 7-1-1 | D29: الموقع الإلكتروني للبرنامج متضمناً توصيف البرنامج والمقررات الدراسية وأنشطته وإنجازاته محدّثاً. | E29: ='الخطة واللجنة'!$B$21 -> عضو 3 | H29: =IF(OR(F29="",F29="متوفر ومكتمل"),"",IF(OR(C29="★",F29="غير متوفر"),"عالية","متوسطة"))
A30: 7-1-1 | D30: أنشطة لجنة خدمة المجتمع للتعريف بالبرنامج وإمكاناته والخدمات التي يقدمها للمجتمع. | E30: ='الخطة واللجنة'!$B$21 -> عضو 3 | H30: =IF(OR(F30="",F30="متوفر ومكتمل"),"",IF(OR(C30="★",F30="غير متوفر"),"عالية","متوسطة"))
A31: 7-1-1 | D31: نماذج من إعلانات ولقاءات التعريف بالبرنامج مع المستفيدين. | E31: ='الخطة واللجنة'!$B$21 -> عضو 3 | H31: =IF(OR(F31="",F31="متوفر ومكتمل"),"",IF(OR(C31="★",F31="غير متوفر"),"عالية","متوسطة"))
A32: 7-1-1 | D32: نتائج استطلاع رأي المستفيدين حول إتاحة المعلومات الخاصة بالبرنامج. | E32: ='الخطة واللجنة'!$B$21 -> عضو 3 | H32: =IF(OR(F32="",F32="متوفر ومكتمل"),"",IF(OR(C32="★",F32="غير متوفر"),"عالية","متوسطة"))
A33: 8-1-1 | B33: تلتزم إدارة البرنامج بتفعيل قيم الأمانة العلمية وحقوق الملكية الفكرية وقواعد الممارسات الأخلاقية والسلوك القويم في جميع المجالات والأنشطة الأكاديمية والبحثية والإدارية والخدمية. | C33: ★ | D33: السياسات والإجراءات الموثقة التي يطبقها البرنامج بشأن عمليات الاقتباس والملكية الفكرية للطلبة وأعضاء هيئة التدريس. | E33: ='الخطة واللجنة'!$B$21 -> عضو 3 | H33: =IF(OR(F33="",F33="متوفر ومكتمل"),"",IF(OR(C33="★",F33="غير متوفر"),"عالية","متوسطة"))
A34: 8-1-1 | C34: ★ | D34: دليل الإطار الأخلاقي للطلبة ومنسوبي الجامعة. | E34: ='الخطة واللجنة'!$B$21 -> عضو 3 | H34: =IF(OR(F34="",F34="متوفر ومكتمل"),"",IF(OR(C34="★",F34="غير متوفر"),"عالية","متوسطة"))
A35: 8-1-1 | C35: ★ | D35: دليل أخلاقيات البحث العلمي. | E35: ='الخطة واللجنة'!$B$21 -> عضو 3 | H35: =IF(OR(F35="",F35="متوفر ومكتمل"),"",IF(OR(C35="★",F35="غير متوفر"),"عالية","متوسطة"))
A36: 8-1-1 | C36: ★ | D36: قائمة بالدورات التدريبية المتعلقة بقيم الأمانة العلمية وحقوق الملكية الفكرية وقواعد الممارسات الأخلاقية. | E36: ='الخطة واللجنة'!$B$21 -> عضو 3 | H36: =IF(OR(F36="",F36="متوفر ومكتمل"),"",IF(OR(C36="★",F36="غير متوفر"),"عالية","متوسطة"))
A37: 8-1-1 | C37: ★ | D37: نماذج من تعميمات رئيس القسم على ضرورة الالتزام بقيم الأمانة العلمية وحقوق الملكية الفكرية. | E37: ='الخطة واللجنة'!$B$21 -> عضو 3 | H37: =IF(OR(F37="",F37="متوفر ومكتمل"),"",IF(OR(C37="★",F37="غير متوفر"),"عالية","متوسطة"))
A38: 8-1-1 | C38: ★ | D38: عينات من تقارير فحص الاستلال العلمي لأعمال الطلبة. | E38: ='الخطة واللجنة'!$B$21 -> عضو 3 | H38: =IF(OR(F38="",F38="متوفر ومكتمل"),"",IF(OR(C38="★",F38="غير متوفر"),"عالية","متوسطة"))
A39: 9-1-1 | B39: تتبنى إدارة البرنامج آلية واضحة وإجراءات معتمدة من قِبل المؤسسة/الكلية للشكاوى والتظلم والقضايا التأديبية. | D39: سياسات وآليات الشكاوى والتظلم المعتمدة سواء للطالب أو أعضاء هيئة التدريس. | E39: ='الخطة واللجنة'!$B$21 -> عضو 3 | H39: =IF(OR(F39="",F39="متوفر ومكتمل"),"",IF(OR(C39="★",F39="غير متوفر"),"عالية","متوسطة"))
A40: 9-1-1 | D40: نماذج من محاضر الرفع بالشكاوى والتظلمات وقرارات الرد عليها. | E40: ='الخطة واللجنة'!$B$21 -> عضو 3 | H40: =IF(OR(F40="",F40="متوفر ومكتمل"),"",IF(OR(C40="★",F40="غير متوفر"),"عالية","متوسطة"))
A41: 9-1-1 | D41: نماذج من قرارات لجان التأديب. | E41: ='الخطة واللجنة'!$B$21 -> عضو 3 | H41: =IF(OR(F41="",F41="متوفر ومكتمل"),"",IF(OR(C41="★",F41="غير متوفر"),"عالية","متوسطة"))
A42: 9-1-1 | D42: استطلاعات رأي المستفيدين حول عدالة التعامل مع الشكاوى والتظلمات. | E42: ='الخطة واللجنة'!$B$21 -> عضو 3 | H42: =IF(OR(F42="",F42="متوفر ومكتمل"),"",IF(OR(C42="★",F42="غير متوفر"),"عالية","متوسطة"))
A43: 1-2-1 | B43: تتبنى إدارة البرنامج نظاماً إدارياً كاملاً ومعلناً لضمان الجودة، ينسجم مع نظام الجودة المؤسسي. | D43: دليل ضمان الجودة بالبرنامج. | E43: ='الخطة واللجنة'!$B$21 -> عضو 3 | H43: =IF(OR(F43="",F43="متوفر ومكتمل"),"",IF(OR(C43="★",F43="غير متوفر"),"عالية","متوسطة"))
A44: 1-2-1 | D44: دليل ضمان الجودة بالجامعة. | E44: ='الخطة واللجنة'!$B$21 -> عضو 3 | H44: =IF(OR(F44="",F44="متوفر ومكتمل"),"",IF(OR(C44="★",F44="غير متوفر"),"عالية","متوسطة"))
A45: 1-2-1 | D45: الهيكل التنظيمي الموثق والمعلن للبرنامج متضمناً اللجان العاملة به. | E45: ='الخطة واللجنة'!$B$21 -> عضو 3 | H45: =IF(OR(F45="",F45="متوفر ومكتمل"),"",IF(OR(C45="★",F45="غير متوفر"),"عالية","متوسطة"))
A46: 1-2-1 | D46: قرارات تشكيل لجان الجودة بالبرنامج. | E46: ='الخطة واللجنة'!$B$21 -> عضو 3 | H46: =IF(OR(F46="",F46="متوفر ومكتمل"),"",IF(OR(C46="★",F46="غير متوفر"),"عالية","متوسطة"))
A47: 2-2-1 | B47: يقوم البرنامج بتحليل مؤشرات الأداء الرئيسة وبيانات التقويم سنوياً، ويُستفاد منها في عمليات التخطيط والتطوير واتخاذ القرارات. | C47: ★ | D47: تقارير قياس مؤشرات الأداء الرئيسة وتشمل المقارنات المرجعية. | E47: ='الخطة واللجنة'!$B$21 -> عضو 3 | H47: =IF(OR(F47="",F47="متوفر ومكتمل"),"",IF(OR(C47="★",F47="غير متوفر"),"عالية","متوسطة"))
A48: 2-2-1 | C48: ★ | D48: مناقشة تقارير قياس مؤشرات الأداء في مجلس القسم والخطط التحسينية والقرارات المبنية عليها. | E48: ='الخطة واللجنة'!$B$21 -> عضو 3 | H48: =IF(OR(F48="",F48="متوفر ومكتمل"),"",IF(OR(C48="★",F48="غير متوفر"),"عالية","متوسطة"))
A49: 2-2-1 | C49: ★ | D49: معايير البرنامج/المؤسسة لاختيار جهات المقارنة المرجعية. | E49: ='الخطة واللجنة'!$B$21 -> عضو 3 | H49: =IF(OR(F49="",F49="متوفر ومكتمل"),"",IF(OR(C49="★",F49="غير متوفر"),"عالية","متوسطة"))
A50: 3-2-1 | B50: يُجري البرنامج تقويماً دورياً شاملاً ووفق خطة للتحسين ويتابع تنفيذها. | D50: سياسات إجراء التقويم الدوري الشامل للبرنامج. | E50: ='الخطة واللجنة'!$B$21 -> عضو 3 | H50: =IF(OR(F50="",F50="متوفر ومكتمل"),"",IF(OR(C50="★",F50="غير متوفر"),"عالية","متوسطة"))
A51: 3-2-1 | D51: تشكيلات لجان تنفيذ عمليات التقويم الدوري الشامل للبرنامج. | E51: ='الخطة واللجنة'!$B$21 -> عضو 3 | H51: =IF(OR(F51="",F51="متوفر ومكتمل"),"",IF(OR(C51="★",F51="غير متوفر"),"عالية","متوسطة"))
A52: 3-2-1 | D52: تقارير التقويم الدوري الشامل للبرنامج مع الخطط التحسينية. | E52: ='الخطة واللجنة'!$B$21 -> عضو 3 | H52: =IF(OR(F52="",F52="متوفر ومكتمل"),"",IF(OR(C52="★",F52="غير متوفر"),"عالية","متوسطة"))
A53: 3-2-1 | D53: مناقشة نتائج عملية التقويم الشامل في مجلس القسم. | E53: ='الخطة واللجنة'!$B$21 -> عضو 3 | H53: =IF(OR(F53="",F53="متوفر ومكتمل"),"",IF(OR(C53="★",F53="غير متوفر"),"عالية","متوسطة"))
A54: 3-2-1 | D54: تقرير الدراسة الذاتية السابقة (إن وجد). | E54: ='الخطة واللجنة'!$B$21 -> عضو 3 | H54: =IF(OR(F54="",F54="متوفر ومكتمل"),"",IF(OR(C54="★",F54="غير متوفر"),"عالية","متوسطة"))
A55: 3-2-1 | D55: تقارير متابعة الخطط التحسينية للبرنامج. | E55: ='الخطة واللجنة'!$B$21 -> عضو 3 | H55: =IF(OR(F55="",F55="متوفر ومكتمل"),"",IF(OR(C55="★",F55="غير متوفر"),"عالية","متوسطة"))
A56: 1-1-2 | B56: تُحدَّد نواتج تعلم البرنامج المستهدفة وتتواءم مع خصائص الخريجين على المستوى المؤسسي، ويتم اعتمادها من مجلس القسم والكلية ومراجعتها دورياً. | D56: توصيف البرنامج (يشمل نواتج تعلم البرنامج) معتمد من مجلس القسم والكلية. | E56: ='الخطة واللجنة'!$B$23 -> عضو 5 | H56: =IF(OR(F56="",F56="متوفر ومكتمل"),"",IF(OR(C56="★",F56="غير متوفر"),"عالية","متوسطة"))
A57: 1-1-2 | D57: الدليل الإجرائي لصياغة وقياس نواتج التعلم على مستوى البرنامج / المؤسسة. | E57: ='الخطة واللجنة'!$B$23 -> عضو 5 | H57: =IF(OR(F57="",F57="متوفر ومكتمل"),"",IF(OR(C57="★",F57="غير متوفر"),"عالية","متوسطة"))
A58: 1-1-2 | D58: مصفوفة الاتساق بين نواتج تعلم البرنامج والمعايير الأكاديمية التخصصية (الاختبارات المعيارية – جاهزية أو ما يكافئها). | E58: ='الخطة واللجنة'!$B$23 -> عضو 5 | H58: =IF(OR(F58="",F58="متوفر ومكتمل"),"",IF(OR(C58="★",F58="غير متوفر"),"عالية","متوسطة"))
A59: 1-1-2 | D59: مصفوفة الاتساق بين نواتج تعلم البرنامج ورسالته. | E59: ='الخطة واللجنة'!$B$23 -> عضو 5 | H59: =IF(OR(F59="",F59="متوفر ومكتمل"),"",IF(OR(C59="★",F59="غير متوفر"),"عالية","متوسطة"))
A60: 1-1-2 | D60: مصفوفة الاتساق بين نواتج تعلم البرنامج وخصائص خريجي الجامعة. | E60: ='الخطة واللجنة'!$B$23 -> عضو 5 | H60: =IF(OR(F60="",F60="متوفر ومكتمل"),"",IF(OR(C60="★",F60="غير متوفر"),"عالية","متوسطة"))
A61: 1-1-2 | D61: استطلاعات رأي الطلاب والخريجين وجهات التوظيف حول مدى وضوح نواتج التعلم. | E61: ='الخطة واللجنة'!$B$23 -> عضو 5 | H61: =IF(OR(F61="",F61="متوفر ومكتمل"),"",IF(OR(C61="★",F61="غير متوفر"),"عالية","متوسطة"))
A62: 1-1-2 | D62: تقارير اللجان المعنية التي تفيد مراجعة نواتج التعلم. | E62: ='الخطة واللجنة'!$B$23 -> عضو 5 | H62: =IF(OR(F62="",F62="متوفر ومكتمل"),"",IF(OR(C62="★",F62="غير متوفر"),"عالية","متوسطة"))
A63: 1-1-2 | D63: عينة من وسائل إعلان نواتج التعلم مثل الموقع الإلكتروني للبرنامج وكتيب البرنامج. | E63: ='الخطة واللجنة'!$B$23 -> عضو 5 | H63: =IF(OR(F63="",F63="متوفر ومكتمل"),"",IF(OR(C63="★",F63="غير متوفر"),"عالية","متوسطة"))
A64: 1-1-2 | D64: سياسات إجراء التقويم الدوري الشامل للبرنامج (وتشمل السياسات والإجراءات المعتمدة للمراجعة الدورية لنواتج تعلم البرنامج). | E64: ='الخطة واللجنة'!$B$23 -> عضو 5 | H64: =IF(OR(F64="",F64="متوفر ومكتمل"),"",IF(OR(C64="★",F64="غير متوفر"),"عالية","متوسطة"))
A65: 1-1-2 | D65: تقرير توافق نواتج تعلم البرنامج مع الإطار الوطني للمؤهلات (نموذج الاتساق مع الإطار الوطني للمؤهلات). | E65: ='الخطة واللجنة'!$B$23 -> عضو 5 | H65: =IF(OR(F65="",F65="متوفر ومكتمل"),"",IF(OR(C65="★",F65="غير متوفر"),"عالية","متوسطة"))
A66: 2-1-2 | B66: تتوافق نواتج التعلم مع متطلبات الإطار الوطني للمؤهلات والمعايير التخصصية ومتطلبات سوق العمل. | C66: ★ | D66: مصفوفة الاتساق بين نواتج تعلم البرنامج والمعايير التخصصية. | E66: ='الخطة واللجنة'!$B$23 -> عضو 5 | H66: =IF(OR(F66="",F66="متوفر ومكتمل"),"",IF(OR(C66="★",F66="غير متوفر"),"عالية","متوسطة"))
A67: 2-1-2 | C67: ★ | D67: تقارير استطلاعات رأي جهات التوظيف حول توافق نواتج التعلم مع متطلبات سوق العمل. | E67: ='الخطة واللجنة'!$B$23 -> عضو 5 | H67: =IF(OR(F67="",F67="متوفر ومكتمل"),"",IF(OR(C67="★",F67="غير متوفر"),"عالية","متوسطة"))
A68: 2-1-2 | C68: ★ | D68: نماذج من محاضر لجان ومجلس القسم لمناقشة توافق خصائص الخريجين ونواتج التعلم مع متطلبات سوق العمل. | E68: ='الخطة واللجنة'!$B$23 -> عضو 5 | H68: =IF(OR(F68="",F68="متوفر ومكتمل"),"",IF(OR(C68="★",F68="غير متوفر"),"عالية","متوسطة"))
A69: 3-1-2 | B69: يحدد البرنامج نواتج تعلم للمسارات المختلفة (إن وجدت). | D69: توصيف البرنامج (يشمل نواتج تعلم المسارات المختلفة بالبرنامج إن وجدت) معتمد من مجلس القسم والكلية. | E69: ='الخطة واللجنة'!$B$23 -> عضو 5 | H69: =IF(OR(F69="",F69="متوفر ومكتمل"),"",IF(OR(C69="★",F69="غير متوفر"),"عالية","متوسطة"))
A70: 3-1-2 | D70: مصفوفة الاتساق بين نواتج التعلم المحددة بالمسارات المختلفة (إن وجدت) وخصائص خريجي الجامعة. | E70: ='الخطة واللجنة'!$B$23 -> عضو 5 | H70: =IF(OR(F70="",F70="متوفر ومكتمل"),"",IF(OR(C70="★",F70="غير متوفر"),"عالية","متوسطة"))
A71: 3-1-2 | D71: استطلاعات الرأي المتعلقة بإشراك المستفيدين في تحديد نواتج التعلم في المسارات المختلفة. | E71: ='الخطة واللجنة'!$B$23 -> عضو 5 | H71: =IF(OR(F71="",F71="متوفر ومكتمل"),"",IF(OR(C71="★",F71="غير متوفر"),"عالية","متوسطة"))
A72: 3-1-2 | D72: تقرير استطلاعات الرأي حول رضا المستفيدين عن مدى وضوح نواتج التعلم في المسارات المحددة بالبرنامج. | E72: ='الخطة واللجنة'!$B$23 -> عضو 5 | H72: =IF(OR(F72="",F72="متوفر ومكتمل"),"",IF(OR(C72="★",F72="غير متوفر"),"عالية","متوسطة"))
A73: 4-1-2 | B73: يطبق البرنامج آليات وأدوات مناسبة لقياس نواتج التعلم والتحقق من استيفائها وفق مستويات أداء وخطط تقييم محددة. | C73: ★ | D73: الدليل الإجرائي لصياغة وقياس نواتج التعلم على مستوى البرنامج / المؤسسة. | E73: ='الخطة واللجنة'!$B$23 -> عضو 5 | H73: =IF(OR(F73="",F73="متوفر ومكتمل"),"",IF(OR(C73="★",F73="غير متوفر"),"عالية","متوسطة"))
A74: 4-1-2 | C74: ★ | D74: خطة قياس نواتج تعلم البرنامج. | E74: ='الخطة واللجنة'!$B$23 -> عضو 5 | H74: =IF(OR(F74="",F74="متوفر ومكتمل"),"",IF(OR(C74="★",F74="غير متوفر"),"عالية","متوسطة"))
A75: 4-1-2 | C75: ★ | D75: تقرير البرنامج لآخر عامين موضحاً به تقييم نواتج التعلم وخطط التحسين المرتبطة بتقييم نواتج التعلم. | E75: ='الخطة واللجنة'!$B$23 -> عضو 5 | H75: =IF(OR(F75="",F75="متوفر ومكتمل"),"",IF(OR(C75="★",F75="غير متوفر"),"عالية","متوسطة"))
A76: 4-1-2 | C76: ★ | D76: تقارير قياس نواتج تعلم البرنامج والخطة التحسينية. | E76: ='الخطة واللجنة'!$B$23 -> عضو 5 | H76: =IF(OR(F76="",F76="متوفر ومكتمل"),"",IF(OR(C76="★",F76="غير متوفر"),"عالية","متوسطة"))
A77: 5-1-2 | B77: يتبنى البرنامج استراتيجيات واضحة ومعتمدة للتعليم والتعلم والتقييم تحقق فلسفته التعليمية وتكفل تحقيق نواتج التعلم في البرنامج. | D77: توصيف البرنامج (يشمل استراتيجيات التعليم والتعلم وطرق تقويم نواتج التعلم للبرنامج) معتمد من مجلس القسم والكلية. | E77: ='الخطة واللجنة'!$B$23 -> عضو 5 | H77: =IF(OR(F77="",F77="متوفر ومكتمل"),"",IF(OR(C77="★",F77="غير متوفر"),"عالية","متوسطة"))
A78: 5-1-2 | D78: نماذج من تقارير المقررات والبرنامج تظهر الخطط التطويرية بها والمبنية على نتائج تقييم تحقق نواتج التعلم. | E78: ='الخطة واللجنة'!$B$23 -> عضو 5 | H78: =IF(OR(F78="",F78="متوفر ومكتمل"),"",IF(OR(C78="★",F78="غير متوفر"),"عالية","متوسطة"))
A79: 5-1-2 | D79: الدورات التدريبية المقدمة لأعضاء هيئة التدريس حول استراتيجيات التدريس وأساليب التقويم. | E79: ='الخطة واللجنة'!$B$23 -> عضو 5 | H79: =IF(OR(F79="",F79="متوفر ومكتمل"),"",IF(OR(C79="★",F79="غير متوفر"),"عالية","متوسطة"))
A80: 5-1-2 | D80: استطلاع رأي الطلاب حول استراتيجيات التعليم والتعلم وأساليب التقييم. | E80: ='الخطة واللجنة'!$B$23 -> عضو 5 | H80: =IF(OR(F80="",F80="متوفر ومكتمل"),"",IF(OR(C80="★",F80="غير متوفر"),"عالية","متوسطة"))
A81: 1-2-2 | B81: يراعي المنهج الدراسي تحقيق أهداف البرنامج ونواتجه التعليمية والتطورات العلمية والتقنية والمهنية في مجال التخصص، ويُراجع بصورة دورية. | C81: ★ | D81: الدليل الإجرائي لاستحداث وتطوير البرامج والخطط الدراسية. | E81: ='الخطة واللجنة'!$B$23 -> عضو 5 | H81: =IF(OR(F81="",F81="متوفر ومكتمل"),"",IF(OR(C81="★",F81="غير متوفر"),"عالية","متوسطة"))
A82: 1-2-2 | C82: ★ | D82: توصيف البرنامج (يشمل مصفوفة الربط بين كل من نواتج تعلم البرنامج والمقررات) معتمد من مجلس القسم والكلية. | E82: ='الخطة واللجنة'!$B$23 -> عضو 5 | H82: =IF(OR(F82="",F82="متوفر ومكتمل"),"",IF(OR(C82="★",F82="غير متوفر"),"عالية","متوسطة"))
A83: 1-2-2 | C83: ★ | D83: توصيفات المقررات موضحاً بها أحدث الكتب والمراجع المقررة في مجال التخصص. | E83: ='الخطة واللجنة'!$B$23 -> عضو 5 | H83: =IF(OR(F83="",F83="متوفر ومكتمل"),"",IF(OR(C83="★",F83="غير متوفر"),"عالية","متوسطة"))
A84: 1-2-2 | C84: ★ | D84: محاضر اجتماع اللجنة الاستشارية واللجان المعنية ومجلس القسم التي ناقشت تطوير الخطة الدراسية. | E84: ='الخطة واللجنة'!$B$23 -> عضو 5 | H84: =IF(OR(F84="",F84="متوفر ومكتمل"),"",IF(OR(C84="★",F84="غير متوفر"),"عالية","متوسطة"))
A85: 1-2-2 | C85: ★ | D85: استطلاعات رأي الخريجين وأرباب العمل حول مواكبة نواتج تعلم البرنامج للتطورات العلمية والتقنية والمهنية. | E85: ='الخطة واللجنة'!$B$23 -> عضو 5 | H85: =IF(OR(F85="",F85="متوفر ومكتمل"),"",IF(OR(C85="★",F85="غير متوفر"),"عالية","متوسطة"))
A86: 1-2-2 | C86: ★ | D86: نماذج من محاضر مراجعة توصيف البرنامج وتوصيف المقررات متضمنة التطورات التي تم إقرارها. | E86: ='الخطة واللجنة'!$B$23 -> عضو 5 | H86: =IF(OR(F86="",F86="متوفر ومكتمل"),"",IF(OR(C86="★",F86="غير متوفر"),"عالية","متوسطة"))
A87: 2-2-2 | B87: تحقق الخطة الدراسية التوازن بين المتطلبات العامة ومتطلبات التخصص، وبين الجوانب النظرية والتطبيقية، كما تراعي التتابع والتكامل بين المقررات الدراسية. | C87: ★ | D87: مصفوفة التوازن بين المتطلبات العامة (الكلية) ومتطلبات التخصص في الخطة الدراسية للبرنامج. | E87: ='الخطة واللجنة'!$B$23 -> عضو 5 | H87: =IF(OR(F87="",F87="متوفر ومكتمل"),"",IF(OR(C87="★",F87="غير متوفر"),"عالية","متوسطة"))
A88: 2-2-2 | C88: ★ | D88: مصفوفة التوازن بين الجوانب النظرية والتطبيقية في الخطة الدراسية للبرنامج وفق المقارنة المرجعية الخارجية. | E88: ='الخطة واللجنة'!$B$23 -> عضو 5 | H88: =IF(OR(F88="",F88="متوفر ومكتمل"),"",IF(OR(C88="★",F88="غير متوفر"),"عالية","متوسطة"))
A89: 2-2-2 | C89: ★ | D89: محاضر اجتماع اللجنة الاستشارية واللجان المعنية ومجلس القسم التي ناقشت تطوير الخطة الدراسية. | E89: ='الخطة واللجنة'!$B$23 -> عضو 5 | H89: =IF(OR(F89="",F89="متوفر ومكتمل"),"",IF(OR(C89="★",F89="غير متوفر"),"عالية","متوسطة"))
A90: 2-2-2 | C90: ★ | D90: تقييم مراجع مستقل حول التوازن والتتابع والتكامل في الخطة الدراسية للبرنامج. | E90: ='الخطة واللجنة'!$B$23 -> عضو 5 | H90: =IF(OR(F90="",F90="متوفر ومكتمل"),"",IF(OR(C90="★",F90="غير متوفر"),"عالية","متوسطة"))
A91: 3-2-2 | B91: يراعى في بناء الخطة الدراسية للبرنامج تحديد متطلبات نقاط الخروج (إن وجدت) طبقاً للممارسات العالمية والبرامج المناظرة. | D91: تقرير مختصر معتمد يوضح نسب التوازن بين الجوانب النظرية والتطبيقية في خطة البرنامج. | E91: ='الخطة واللجنة'!$B$23 -> عضو 5 | H91: =IF(OR(F91="",F91="متوفر ومكتمل"),"",IF(OR(C91="★",F91="غير متوفر"),"عالية","متوسطة"))
A92: 3-2-2 | D92: دليل البرنامج موضحاً به مسارات البرنامج ونقاط التخرج. | E92: ='الخطة واللجنة'!$B$23 -> عضو 5 | H92: =IF(OR(F92="",F92="متوفر ومكتمل"),"",IF(OR(C92="★",F92="غير متوفر"),"عالية","متوسطة"))
A93: 3-2-2 | D93: المقارنات المرجعية التي تم الاستناد عليها في بناء نقاط الخروج. | E93: ='الخطة واللجنة'!$B$23 -> عضو 5 | H93: =IF(OR(F93="",F93="متوفر ومكتمل"),"",IF(OR(C93="★",F93="غير متوفر"),"عالية","متوسطة"))
A94: 3-2-2 | D94: توصيف البرنامج موضحاً به نقاط الخروج (إن وجدت). | E94: ='الخطة واللجنة'!$B$23 -> عضو 5 | H94: =IF(OR(F94="",F94="متوفر ومكتمل"),"",IF(OR(C94="★",F94="غير متوفر"),"عالية","متوسطة"))
A95: 4-2-2 | B95: ترتبط نواتج التعلم بالمقررات بنواتج التعلم بالبرنامج (مصفوفة توزيع نواتج تعلم البرنامج على المقررات). | D95: توصيف البرنامج (يشمل مصفوفة الربط بين كل من نواتج تعلم البرنامج والمقررات) معتمد من مجلس القسم والكلية. | E95: ='الخطة واللجنة'!$B$23 -> عضو 5 | H95: =IF(OR(F95="",F95="متوفر ومكتمل"),"",IF(OR(C95="★",F95="غير متوفر"),"عالية","متوسطة"))
A96: 4-2-2 | D96: توصيف الخبرة الميدانية (إن وجد). | E96: ='الخطة واللجنة'!$B$23 -> عضو 5 | H96: =IF(OR(F96="",F96="متوفر ومكتمل"),"",IF(OR(C96="★",F96="غير متوفر"),"عالية","متوسطة"))
A97: 4-2-2 | D97: دليل التدريب الميداني/التعاوني (إن وجد). | E97: ='الخطة واللجنة'!$B$23 -> عضو 5 | H97: =IF(OR(F97="",F97="متوفر ومكتمل"),"",IF(OR(C97="★",F97="غير متوفر"),"عالية","متوسطة"))
A98: 4-2-2 | D98: توصيف البرنامج المعتمد (جزئية استراتيجيات التدريس وطرق التقويم) مع آراء المحكمين له (إن وجدت) حول توافق ومناسبة استراتيجيات التعليم والتعلم وطرق التقييم. | E98: ='الخطة واللجنة'!$B$23 -> عضو 5 | H98: =IF(OR(F98="",F98="متوفر ومكتمل"),"",IF(OR(C98="★",F98="غير متوفر"),"عالية","متوسطة"))
A99: 5-2-2 | B99: تتنوع استراتيجيات التعليم والتعلم وطرق التقييم في البرنامج بما يتناسب مع طبيعته ومستواه وتتوافق مع نواتج التعلم المستهدفة على مستوى البرنامج والمقررات. | D99: نماذج من محاضر اللجان الاستشارية التي ناقشت توافق ومناسبة استراتيجيات التعليم والتعلم وطرق التقييم. | E99: ='الخطة واللجنة'!$B$23 -> عضو 5 | H99: =IF(OR(F99="",F99="متوفر ومكتمل"),"",IF(OR(C99="★",F99="غير متوفر"),"عالية","متوسطة"))
A100: 5-2-2 | D100: تقرير استطلاع رأي الطلبة والخريجين حول استراتيجيات التعليم والتعلم وطرق التقييم. | E100: ='الخطة واللجنة'!$B$23 -> عضو 5 | H100: =IF(OR(F100="",F100="متوفر ومكتمل"),"",IF(OR(C100="★",F100="غير متوفر"),"عالية","متوسطة"))
...

Sheet فحص-البرنامج2
A1: ="فحص الأدلة – "&'الخطة واللجنة'!$B$5 -> فحص الأدلة – بكالوريوس علوم الحاسب
A2: عبّئ الخلايا الصفراء فقط: اختر حالة الدليل، وإن كان ناقصاً اختر السبب واكتب الإجراء والموعد. الصفوف المظللة = معايير أساسية ★
A3: الرمز | B3: نص المعيار | C3: أساسي | D3: الدليل / الشاهد المقترح | E3: المسؤول | F3: حالة الدليل | G3: سبب النقص | H3: الأولوية | I3: الإجراء المطلوب | J3: الموعد | K3: رابط / مسار الدليل | L3: ملاحظات
A4: 1-1-1 | B4: تتسق رسالة البرنامج وأهدافه مع رسالة المؤسسة/الكلية وتوجّه جميع عملياته وأنشطته. | D4: مصفوفة اتساق رسالة وأهداف البرنامج مع رسالة وأهداف الجامعة والكلية. | E4: ='الخطة واللجنة'!$B$22 -> عضو 4 | H4: =IF(OR(F4="",F4="متوفر ومكتمل"),"",IF(OR(C4="★",F4="غير متوفر"),"عالية","متوسطة"))
A5: 1-1-1 | D5: إعلان رسالة وأهداف البرنامج على الموقع الإلكتروني للبرنامج. | E5: ='الخطة واللجنة'!$B$22 -> عضو 4 | H5: =IF(OR(F5="",F5="متوفر ومكتمل"),"",IF(OR(C5="★",F5="غير متوفر"),"عالية","متوسطة"))
A6: 1-1-1 | D6: الخطة التشغيلية للبرنامج وتقاريرها وتشمل البحث العلمي وخدمة المجتمع. | E6: ='الخطة واللجنة'!$B$22 -> عضو 4 | H6: =IF(OR(F6="",F6="متوفر ومكتمل"),"",IF(OR(C6="★",F6="غير متوفر"),"عالية","متوسطة"))
A7: 1-1-1 | D7: تقرير استطلاع رأي المستفيدين حول وضوح ونشر الرسالة والأهداف. | E7: ='الخطة واللجنة'!$B$22 -> عضو 4 | H7: =IF(OR(F7="",F7="متوفر ومكتمل"),"",IF(OR(C7="★",F7="غير متوفر"),"عالية","متوسطة"))
A8: 2-1-1 | B8: يتوفر لدى البرنامج العدد الكافي من الكوادر المؤهلة للقيام بالمهام الإدارية والمهنية والفنية، ولهم مهام وصلاحيات محددة. | C8: ★ | D8: قاعدة بيانات محدثة لأعضاء هيئة التدريس بالبرنامج والإداريين والفنيين. | E8: ='الخطة واللجنة'!$B$22 -> عضو 4 | H8: =IF(OR(F8="",F8="متوفر ومكتمل"),"",IF(OR(C8="★",F8="غير متوفر"),"عالية","متوسطة"))
A9: 2-1-1 | C9: ★ | D9: السير الذاتية لأعضاء هيئة التدريس، وقيادات البرنامج، والإداريين، والفنيين. | E9: ='الخطة واللجنة'!$B$22 -> عضو 4 | H9: =IF(OR(F9="",F9="متوفر ومكتمل"),"",IF(OR(C9="★",F9="غير متوفر"),"عالية","متوسطة"))
A10: 2-1-1 | C10: ★ | D10: نماذج من تشكيلات اللجان بالبرنامج محددة المهام. | E10: ='الخطة واللجنة'!$B$22 -> عضو 4 | H10: =IF(OR(F10="",F10="متوفر ومكتمل"),"",IF(OR(C10="★",F10="غير متوفر"),"عالية","متوسطة"))
A11: 2-1-1 | C11: ★ | D11: معايير اختيار القيادات الأكاديمية والإدارية. | E11: ='الخطة واللجنة'!$B$22 -> عضو 4 | H11: =IF(OR(F11="",F11="متوفر ومكتمل"),"",IF(OR(C11="★",F11="غير متوفر"),"عالية","متوسطة"))
A12: 2-1-1 | C12: ★ | D12: استبانة تقييم القيادات الأكاديمية والإدارية بالبرنامج. | E12: ='الخطة واللجنة'!$B$22 -> عضو 4 | H12: =IF(OR(F12="",F12="متوفر ومكتمل"),"",IF(OR(C12="★",F12="غير متوفر"),"عالية","متوسطة"))
A13: 3-1-1 | B13: يتوفر للبرنامج منظومة تحفيزية وبيئة أكاديمية داعمة. | D13: دليل جوائز التميز بالكلية/الجامعة. | E13: ='الخطة واللجنة'!$B$22 -> عضو 4 | H13: =IF(OR(F13="",F13="متوفر ومكتمل"),"",IF(OR(C13="★",F13="غير متوفر"),"عالية","متوسطة"))
A14: 3-1-1 | D14: نماذج من شهادات (تميز/تقدير) منسوبي البرنامج والإداريين والفنيين. | E14: ='الخطة واللجنة'!$B$22 -> عضو 4 | H14: =IF(OR(F14="",F14="متوفر ومكتمل"),"",IF(OR(C14="★",F14="غير متوفر"),"عالية","متوسطة"))
A15: 3-1-1 | D15: قائمة بالمرافق والتجهيزات التعليمية والبحثية للبرنامج. | E15: ='الخطة واللجنة'!$B$22 -> عضو 4 | H15: =IF(OR(F15="",F15="متوفر ومكتمل"),"",IF(OR(C15="★",F15="غير متوفر"),"عالية","متوسطة"))
A16: 3-1-1 | D16: قائمة بالمرافق والتجهيزات الخاصة بالأنشطة اللاصفية بالبرنامج. | E16: ='الخطة واللجنة'!$B$22 -> عضو 4 | H16: =IF(OR(F16="",F16="متوفر ومكتمل"),"",IF(OR(C16="★",F16="غير متوفر"),"عالية","متوسطة"))
A17: 3-1-1 | D17: تقييمات أعضاء هيئة التدريس والإداريين والفنيين والطلاب للمناخ التنظيمي والبيئة الأكاديمية. | E17: ='الخطة واللجنة'!$B$22 -> عضو 4 | H17: =IF(OR(F17="",F17="متوفر ومكتمل"),"",IF(OR(C17="★",F17="غير متوفر"),"عالية","متوسطة"))
A18: 4-1-1 | B18: يتم القياس المستمر لمؤشرات أداء البرنامج الرئيسة، وتُتخذ الإجراءات اللازمة للتحسين. | D18: تقرير مؤشرات الأداء الرئيسة للبرنامج. | E18: ='الخطة واللجنة'!$B$22 -> عضو 4 | H18: =IF(OR(F18="",F18="متوفر ومكتمل"),"",IF(OR(C18="★",F18="غير متوفر"),"عالية","متوسطة"))
A19: 4-1-1 | D19: تقرير إنجاز الخطة التشغيلية للبرنامج مع خطة التحسين. | E19: ='الخطة واللجنة'!$B$22 -> عضو 4 | H19: =IF(OR(F19="",F19="متوفر ومكتمل"),"",IF(OR(C19="★",F19="غير متوفر"),"عالية","متوسطة"))
A20: 5-1-1 | B20: يوثّق البرنامج وينشر السياسات والحقوق والواجبات الخاصة بمنسوبيه بصورة معلنة، ويطبق آليات تضمن النزاهة والعدالة والمساواة في جميع ممارساته الأكاديمية والإدارية بين شطري الطلاب والطالبات والفروع (إن وجدت). | D20: لوحة/دليل موضح فيه السياسات والحقوق والواجبات وتكون معلنة. | E20: ='الخطة واللجنة'!$B$22 -> عضو 4 | H20: =IF(OR(F20="",F20="متوفر ومكتمل"),"",IF(OR(C20="★",F20="غير متوفر"),"عالية","متوسطة"))
A21: 5-1-1 | D21: استطلاع رأي أعضاء هيئة التدريس والطلبة عن تطبيق إدارة البرنامج لآليات النزاهة والعدالة والمساواة. | E21: ='الخطة واللجنة'!$B$22 -> عضو 4 | H21: =IF(OR(F21="",F21="متوفر ومكتمل"),"",IF(OR(C21="★",F21="غير متوفر"),"عالية","متوسطة"))
A22: 5-1-1 | D22: الشواهد على مدى تكافؤ الإمكانيات المادية والبشرية بين شطري الطالب والطالبات. | E22: ='الخطة واللجنة'!$B$22 -> عضو 4 | H22: =IF(OR(F22="",F22="متوفر ومكتمل"),"",IF(OR(C22="★",F22="غير متوفر"),"عالية","متوسطة"))
A23: 5-1-1 | D23: تشكيل اللجان والمجالس العاملة بالقسم بما يتضمن إشراك الجنسين والفروع (إن وجدت)، وكذا تمويل الأبحاث والمشاريع وحضور المؤتمرات. | E23: ='الخطة واللجنة'!$B$22 -> عضو 4 | H23: =IF(OR(F23="",F23="متوفر ومكتمل"),"",IF(OR(C23="★",F23="غير متوفر"),"عالية","متوسطة"))
A24: 6-1-1 | B24: تستفيد إدارة البرنامج من آراء المختصين والخبراء في تشكيل لجنة استشارية متنوعة الأعضاء وموضحة المهام، وتخصص البرنامج في تقييم وتطوير وتحسين أدائه. | D24: قرار تشكيل اللجنة الاستشارية للبرنامج المتنوعة الأعضاء والموضح مهامها. | E24: ='الخطة واللجنة'!$B$22 -> عضو 4 | H24: =IF(OR(F24="",F24="متوفر ومكتمل"),"",IF(OR(C24="★",F24="غير متوفر"),"عالية","متوسطة"))
A25: 6-1-1 | D25: نماذج من محاضر اللجنة الاستشارية للبرنامج متضمنة التوصيات وخطط تفعيلها. | E25: ='الخطة واللجنة'!$B$22 -> عضو 4 | H25: =IF(OR(F25="",F25="متوفر ومكتمل"),"",IF(OR(C25="★",F25="غير متوفر"),"عالية","متوسطة"))
A26: 6-1-1 | D26: تقرير استطلاع رأي جهات التوظيف حول الخريجين وتوصيات وخطط التحسين. | E26: ='الخطة واللجنة'!$B$22 -> عضو 4 | H26: =IF(OR(F26="",F26="متوفر ومكتمل"),"",IF(OR(C26="★",F26="غير متوفر"),"عالية","متوسطة"))
A27: 6-1-1 | D27: محاضر مجلس القسم متضمنة مناقشة توصيات اللجنة الاستشارية واستطلاع رأي جهات التوظيف وأي مقترحات تطوير من خبراء التخصص. | E27: ='الخطة واللجنة'!$B$22 -> عضو 4 | H27: =IF(OR(F27="",F27="متوفر ومكتمل"),"",IF(OR(C27="★",F27="غير متوفر"),"عالية","متوسطة"))
A28: 7-1-1 | B28: تتيح إدارة البرنامج معلومات موثوقة ومحدّثة تُبرز إنجازات البرنامج بما يتناسب مع احتياجات المستفيدين. | D28: الدليل التعريفي للبرنامج. | E28: ='الخطة واللجنة'!$B$22 -> عضو 4 | H28: =IF(OR(F28="",F28="متوفر ومكتمل"),"",IF(OR(C28="★",F28="غير متوفر"),"عالية","متوسطة"))
A29: 7-1-1 | D29: الموقع الإلكتروني للبرنامج متضمناً توصيف البرنامج والمقررات الدراسية وأنشطته وإنجازاته محدّثاً. | E29: ='الخطة واللجنة'!$B$22 -> عضو 4 | H29: =IF(OR(F29="",F29="متوفر ومكتمل"),"",IF(OR(C29="★",F29="غير متوفر"),"عالية","متوسطة"))
A30: 7-1-1 | D30: أنشطة لجنة خدمة المجتمع للتعريف بالبرنامج وإمكاناته والخدمات التي يقدمها للمجتمع. | E30: ='الخطة واللجنة'!$B$22 -> عضو 4 | H30: =IF(OR(F30="",F30="متوفر ومكتمل"),"",IF(OR(C30="★",F30="غير متوفر"),"عالية","متوسطة"))
A31: 7-1-1 | D31: نماذج من إعلانات ولقاءات التعريف بالبرنامج مع المستفيدين. | E31: ='الخطة واللجنة'!$B$22 -> عضو 4 | H31: =IF(OR(F31="",F31="متوفر ومكتمل"),"",IF(OR(C31="★",F31="غير متوفر"),"عالية","متوسطة"))
A32: 7-1-1 | D32: نتائج استطلاع رأي المستفيدين حول إتاحة المعلومات الخاصة بالبرنامج. | E32: ='الخطة واللجنة'!$B$22 -> عضو 4 | H32: =IF(OR(F32="",F32="متوفر ومكتمل"),"",IF(OR(C32="★",F32="غير متوفر"),"عالية","متوسطة"))
A33: 8-1-1 | B33: تلتزم إدارة البرنامج بتفعيل قيم الأمانة العلمية وحقوق الملكية الفكرية وقواعد الممارسات الأخلاقية والسلوك القويم في جميع المجالات والأنشطة الأكاديمية والبحثية والإدارية والخدمية. | C33: ★ | D33: السياسات والإجراءات الموثقة التي يطبقها البرنامج بشأن عمليات الاقتباس والملكية الفكرية للطلبة وأعضاء هيئة التدريس. | E33: ='الخطة واللجنة'!$B$22 -> عضو 4 | H33: =IF(OR(F33="",F33="متوفر ومكتمل"),"",IF(OR(C33="★",F33="غير متوفر"),"عالية","متوسطة"))
A34: 8-1-1 | C34: ★ | D34: دليل الإطار الأخلاقي للطلبة ومنسوبي الجامعة. | E34: ='الخطة واللجنة'!$B$22 -> عضو 4 | H34: =IF(OR(F34="",F34="متوفر ومكتمل"),"",IF(OR(C34="★",F34="غير متوفر"),"عالية","متوسطة"))
A35: 8-1-1 | C35: ★ | D35: دليل أخلاقيات البحث العلمي. | E35: ='الخطة واللجنة'!$B$22 -> عضو 4 | H35: =IF(OR(F35="",F35="متوفر ومكتمل"),"",IF(OR(C35="★",F35="غير متوفر"),"عالية","متوسطة"))
A36: 8-1-1 | C36: ★ | D36: قائمة بالدورات التدريبية المتعلقة بقيم الأمانة العلمية وحقوق الملكية الفكرية وقواعد الممارسات الأخلاقية. | E36: ='الخطة واللجنة'!$B$22 -> عضو 4 | H36: =IF(OR(F36="",F36="متوفر ومكتمل"),"",IF(OR(C36="★",F36="غير متوفر"),"عالية","متوسطة"))
A37: 8-1-1 | C37: ★ | D37: نماذج من تعميمات رئيس القسم على ضرورة الالتزام بقيم الأمانة العلمية وحقوق الملكية الفكرية. | E37: ='الخطة واللجنة'!$B$22 -> عضو 4 | H37: =IF(OR(F37="",F37="متوفر ومكتمل"),"",IF(OR(C37="★",F37="غير متوفر"),"عالية","متوسطة"))
A38: 8-1-1 | C38: ★ | D38: عينات من تقارير فحص الاستلال العلمي لأعمال الطلبة. | E38: ='الخطة واللجنة'!$B$22 -> عضو 4 | H38: =IF(OR(F38="",F38="متوفر ومكتمل"),"",IF(OR(C38="★",F38="غير متوفر"),"عالية","متوسطة"))
A39: 9-1-1 | B39: تتبنى إدارة البرنامج آلية واضحة وإجراءات معتمدة من قِبل المؤسسة/الكلية للشكاوى والتظلم والقضايا التأديبية. | D39: سياسات وآليات الشكاوى والتظلم المعتمدة سواء للطالب أو أعضاء هيئة التدريس. | E39: ='الخطة واللجنة'!$B$22 -> عضو 4 | H39: =IF(OR(F39="",F39="متوفر ومكتمل"),"",IF(OR(C39="★",F39="غير متوفر"),"عالية","متوسطة"))
A40: 9-1-1 | D40: نماذج من محاضر الرفع بالشكاوى والتظلمات وقرارات الرد عليها. | E40: ='الخطة واللجنة'!$B$22 -> عضو 4 | H40: =IF(OR(F40="",F40="متوفر ومكتمل"),"",IF(OR(C40="★",F40="غير متوفر"),"عالية","متوسطة"))
A41: 9-1-1 | D41: نماذج من قرارات لجان التأديب. | E41: ='الخطة واللجنة'!$B$22 -> عضو 4 | H41: =IF(OR(F41="",F41="متوفر ومكتمل"),"",IF(OR(C41="★",F41="غير متوفر"),"عالية","متوسطة"))
A42: 9-1-1 | D42: استطلاعات رأي المستفيدين حول عدالة التعامل مع الشكاوى والتظلمات. | E42: ='الخطة واللجنة'!$B$22 -> عضو 4 | H42: =IF(OR(F42="",F42="متوفر ومكتمل"),"",IF(OR(C42="★",F42="غير متوفر"),"عالية","متوسطة"))
A43: 1-2-1 | B43: تتبنى إدارة البرنامج نظاماً إدارياً كاملاً ومعلناً لضمان الجودة، ينسجم مع نظام الجودة المؤسسي. | D43: دليل ضمان الجودة بالبرنامج. | E43: ='الخطة واللجنة'!$B$22 -> عضو 4 | H43: =IF(OR(F43="",F43="متوفر ومكتمل"),"",IF(OR(C43="★",F43="غير متوفر"),"عالية","متوسطة"))
A44: 1-2-1 | D44: دليل ضمان الجودة بالجامعة. | E44: ='الخطة واللجنة'!$B$22 -> عضو 4 | H44: =IF(OR(F44="",F44="متوفر ومكتمل"),"",IF(OR(C44="★",F44="غير متوفر"),"عالية","متوسطة"))
A45: 1-2-1 | D45: الهيكل التنظيمي الموثق والمعلن للبرنامج متضمناً اللجان العاملة به. | E45: ='الخطة واللجنة'!$B$22 -> عضو 4 | H45: =IF(OR(F45="",F45="متوفر ومكتمل"),"",IF(OR(C45="★",F45="غير متوفر"),"عالية","متوسطة"))
A46: 1-2-1 | D46: قرارات تشكيل لجان الجودة بالبرنامج. | E46: ='الخطة واللجنة'!$B$22 -> عضو 4 | H46: =IF(OR(F46="",F46="متوفر ومكتمل"),"",IF(OR(C46="★",F46="غير متوفر"),"عالية","متوسطة"))
A47: 2-2-1 | B47: يقوم البرنامج بتحليل مؤشرات الأداء الرئيسة وبيانات التقويم سنوياً، ويُستفاد منها في عمليات التخطيط والتطوير واتخاذ القرارات. | C47: ★ | D47: تقارير قياس مؤشرات الأداء الرئيسة وتشمل المقارنات المرجعية. | E47: ='الخطة واللجنة'!$B$22 -> عضو 4 | H47: =IF(OR(F47="",F47="متوفر ومكتمل"),"",IF(OR(C47="★",F47="غير متوفر"),"عالية","متوسطة"))
A48: 2-2-1 | C48: ★ | D48: مناقشة تقارير قياس مؤشرات الأداء في مجلس القسم والخطط التحسينية والقرارات المبنية عليها. | E48: ='الخطة واللجنة'!$B$22 -> عضو 4 | H48: =IF(OR(F48="",F48="متوفر ومكتمل"),"",IF(OR(C48="★",F48="غير متوفر"),"عالية","متوسطة"))
A49: 2-2-1 | C49: ★ | D49: معايير البرنامج/المؤسسة لاختيار جهات المقارنة المرجعية. | E49: ='الخطة واللجنة'!$B$22 -> عضو 4 | H49: =IF(OR(F49="",F49="متوفر ومكتمل"),"",IF(OR(C49="★",F49="غير متوفر"),"عالية","متوسطة"))
A50: 3-2-1 | B50: يُجري البرنامج تقويماً دورياً شاملاً ووفق خطة للتحسين ويتابع تنفيذها. | D50: سياسات إجراء التقويم الدوري الشامل للبرنامج. | E50: ='الخطة واللجنة'!$B$22 -> عضو 4 | H50: =IF(OR(F50="",F50="متوفر ومكتمل"),"",IF(OR(C50="★",F50="غير متوفر"),"عالية","متوسطة"))
A51: 3-2-1 | D51: تشكيلات لجان تنفيذ عمليات التقويم الدوري الشامل للبرنامج. | E51: ='الخطة واللجنة'!$B$22 -> عضو 4 | H51: =IF(OR(F51="",F51="متوفر ومكتمل"),"",IF(OR(C51="★",F51="غير متوفر"),"عالية","متوسطة"))
A52: 3-2-1 | D52: تقارير التقويم الدوري الشامل للبرنامج مع الخطط التحسينية. | E52: ='الخطة واللجنة'!$B$22 -> عضو 4 | H52: =IF(OR(F52="",F52="متوفر ومكتمل"),"",IF(OR(C52="★",F52="غير متوفر"),"عالية","متوسطة"))
A53: 3-2-1 | D53: مناقشة نتائج عملية التقويم الشامل في مجلس القسم. | E53: ='الخطة واللجنة'!$B$22 -> عضو 4 | H53: =IF(OR(F53="",F53="متوفر ومكتمل"),"",IF(OR(C53="★",F53="غير متوفر"),"عالية","متوسطة"))
A54: 3-2-1 | D54: تقرير الدراسة الذاتية السابقة (إن وجد). | E54: ='الخطة واللجنة'!$B$22 -> عضو 4 | H54: =IF(OR(F54="",F54="متوفر ومكتمل"),"",IF(OR(C54="★",F54="غير متوفر"),"عالية","متوسطة"))
A55: 3-2-1 | D55: تقارير متابعة الخطط التحسينية للبرنامج. | E55: ='الخطة واللجنة'!$B$22 -> عضو 4 | H55: =IF(OR(F55="",F55="متوفر ومكتمل"),"",IF(OR(C55="★",F55="غير متوفر"),"عالية","متوسطة"))
A56: 1-1-2 | B56: تُحدَّد نواتج تعلم البرنامج المستهدفة وتتواءم مع خصائص الخريجين على المستوى المؤسسي، ويتم اعتمادها من مجلس القسم والكلية ومراجعتها دورياً. | D56: توصيف البرنامج (يشمل نواتج تعلم البرنامج) معتمد من مجلس القسم والكلية. | E56: ='الخطة واللجنة'!$B$24 -> عضو 6 | H56: =IF(OR(F56="",F56="متوفر ومكتمل"),"",IF(OR(C56="★",F56="غير متوفر"),"عالية","متوسطة"))
A57: 1-1-2 | D57: الدليل الإجرائي لصياغة وقياس نواتج التعلم على مستوى البرنامج / المؤسسة. | E57: ='الخطة واللجنة'!$B$24 -> عضو 6 | H57: =IF(OR(F57="",F57="متوفر ومكتمل"),"",IF(OR(C57="★",F57="غير متوفر"),"عالية","متوسطة"))
A58: 1-1-2 | D58: مصفوفة الاتساق بين نواتج تعلم البرنامج والمعايير الأكاديمية التخصصية (الاختبارات المعيارية – جاهزية أو ما يكافئها). | E58: ='الخطة واللجنة'!$B$24 -> عضو 6 | H58: =IF(OR(F58="",F58="متوفر ومكتمل"),"",IF(OR(C58="★",F58="غير متوفر"),"عالية","متوسطة"))
A59: 1-1-2 | D59: مصفوفة الاتساق بين نواتج تعلم البرنامج ورسالته. | E59: ='الخطة واللجنة'!$B$24 -> عضو 6 | H59: =IF(OR(F59="",F59="متوفر ومكتمل"),"",IF(OR(C59="★",F59="غير متوفر"),"عالية","متوسطة"))
A60: 1-1-2 | D60: مصفوفة الاتساق بين نواتج تعلم البرنامج وخصائص خريجي الجامعة. | E60: ='الخطة واللجنة'!$B$24 -> عضو 6 | H60: =IF(OR(F60="",F60="متوفر ومكتمل"),"",IF(OR(C60="★",F60="غير متوفر"),"عالية","متوسطة"))
A61: 1-1-2 | D61: استطلاعات رأي الطلاب والخريجين وجهات التوظيف حول مدى وضوح نواتج التعلم. | E61: ='الخطة واللجنة'!$B$24 -> عضو 6 | H61: =IF(OR(F61="",F61="متوفر ومكتمل"),"",IF(OR(C61="★",F61="غير متوفر"),"عالية","متوسطة"))
A62: 1-1-2 | D62: تقارير اللجان المعنية التي تفيد مراجعة نواتج التعلم. | E62: ='الخطة واللجنة'!$B$24 -> عضو 6 | H62: =IF(OR(F62="",F62="متوفر ومكتمل"),"",IF(OR(C62="★",F62="غير متوفر"),"عالية","متوسطة"))
A63: 1-1-2 | D63: عينة من وسائل إعلان نواتج التعلم مثل الموقع الإلكتروني للبرنامج وكتيب البرنامج. | E63: ='الخطة واللجنة'!$B$24 -> عضو 6 | H63: =IF(OR(F63="",F63="متوفر ومكتمل"),"",IF(OR(C63="★",F63="غير متوفر"),"عالية","متوسطة"))
A64: 1-1-2 | D64: سياسات إجراء التقويم الدوري الشامل للبرنامج (وتشمل السياسات والإجراءات المعتمدة للمراجعة الدورية لنواتج تعلم البرنامج). | E64: ='الخطة واللجنة'!$B$24 -> عضو 6 | H64: =IF(OR(F64="",F64="متوفر ومكتمل"),"",IF(OR(C64="★",F64="غير متوفر"),"عالية","متوسطة"))
A65: 1-1-2 | D65: تقرير توافق نواتج تعلم البرنامج مع الإطار الوطني للمؤهلات (نموذج الاتساق مع الإطار الوطني للمؤهلات). | E65: ='الخطة واللجنة'!$B$24 -> عضو 6 | H65: =IF(OR(F65="",F65="متوفر ومكتمل"),"",IF(OR(C65="★",F65="غير متوفر"),"عالية","متوسطة"))
A66: 2-1-2 | B66: تتوافق نواتج التعلم مع متطلبات الإطار الوطني للمؤهلات والمعايير التخصصية ومتطلبات سوق العمل. | C66: ★ | D66: مصفوفة الاتساق بين نواتج تعلم البرنامج والمعايير التخصصية. | E66: ='الخطة واللجنة'!$B$24 -> عضو 6 | H66: =IF(OR(F66="",F66="متوفر ومكتمل"),"",IF(OR(C66="★",F66="غير متوفر"),"عالية","متوسطة"))
A67: 2-1-2 | C67: ★ | D67: تقارير استطلاعات رأي جهات التوظيف حول توافق نواتج التعلم مع متطلبات سوق العمل. | E67: ='الخطة واللجنة'!$B$24 -> عضو 6 | H67: =IF(OR(F67="",F67="متوفر ومكتمل"),"",IF(OR(C67="★",F67="غير متوفر"),"عالية","متوسطة"))
A68: 2-1-2 | C68: ★ | D68: نماذج من محاضر لجان ومجلس القسم لمناقشة توافق خصائص الخريجين ونواتج التعلم مع متطلبات سوق العمل. | E68: ='الخطة واللجنة'!$B$24 -> عضو 6 | H68: =IF(OR(F68="",F68="متوفر ومكتمل"),"",IF(OR(C68="★",F68="غير متوفر"),"عالية","متوسطة"))
A69: 3-1-2 | B69: يحدد البرنامج نواتج تعلم للمسارات المختلفة (إن وجدت). | D69: توصيف البرنامج (يشمل نواتج تعلم المسارات المختلفة بالبرنامج إن وجدت) معتمد من مجلس القسم والكلية. | E69: ='الخطة واللجنة'!$B$24 -> عضو 6 | H69: =IF(OR(F69="",F69="متوفر ومكتمل"),"",IF(OR(C69="★",F69="غير متوفر"),"عالية","متوسطة"))
A70: 3-1-2 | D70: مصفوفة الاتساق بين نواتج التعلم المحددة بالمسارات المختلفة (إن وجدت) وخصائص خريجي الجامعة. | E70: ='الخطة واللجنة'!$B$24 -> عضو 6 | H70: =IF(OR(F70="",F70="متوفر ومكتمل"),"",IF(OR(C70="★",F70="غير متوفر"),"عالية","متوسطة"))
A71: 3-1-2 | D71: استطلاعات الرأي المتعلقة بإشراك المستفيدين في تحديد نواتج التعلم في المسارات المختلفة. | E71: ='الخطة واللجنة'!$B$24 -> عضو 6 | H71: =IF(OR(F71="",F71="متوفر ومكتمل"),"",IF(OR(C71="★",F71="غير متوفر"),"عالية","متوسطة"))
A72: 3-1-2 | D72: تقرير استطلاعات الرأي حول رضا المستفيدين عن مدى وضوح نواتج التعلم في المسارات المحددة بالبرنامج. | E72: ='الخطة واللجنة'!$B$24 -> عضو 6 | H72: =IF(OR(F72="",F72="متوفر ومكتمل"),"",IF(OR(C72="★",F72="غير متوفر"),"عالية","متوسطة"))
A73: 4-1-2 | B73: يطبق البرنامج آليات وأدوات مناسبة لقياس نواتج التعلم والتحقق من استيفائها وفق مستويات أداء وخطط تقييم محددة. | C73: ★ | D73: الدليل الإجرائي لصياغة وقياس نواتج التعلم على مستوى البرنامج / المؤسسة. | E73: ='الخطة واللجنة'!$B$24 -> عضو 6 | H73: =IF(OR(F73="",F73="متوفر ومكتمل"),"",IF(OR(C73="★",F73="غير متوفر"),"عالية","متوسطة"))
A74: 4-1-2 | C74: ★ | D74: خطة قياس نواتج تعلم البرنامج. | E74: ='الخطة واللجنة'!$B$24 -> عضو 6 | H74: =IF(OR(F74="",F74="متوفر ومكتمل"),"",IF(OR(C74="★",F74="غير متوفر"),"عالية","متوسطة"))
A75: 4-1-2 | C75: ★ | D75: تقرير البرنامج لآخر عامين موضحاً به تقييم نواتج التعلم وخطط التحسين المرتبطة بتقييم نواتج التعلم. | E75: ='الخطة واللجنة'!$B$24 -> عضو 6 | H75: =IF(OR(F75="",F75="متوفر ومكتمل"),"",IF(OR(C75="★",F75="غير متوفر"),"عالية","متوسطة"))
A76: 4-1-2 | C76: ★ | D76: تقارير قياس نواتج تعلم البرنامج والخطة التحسينية. | E76: ='الخطة واللجنة'!$B$24 -> عضو 6 | H76: =IF(OR(F76="",F76="متوفر ومكتمل"),"",IF(OR(C76="★",F76="غير متوفر"),"عالية","متوسطة"))
A77: 5-1-2 | B77: يتبنى البرنامج استراتيجيات واضحة ومعتمدة للتعليم والتعلم والتقييم تحقق فلسفته التعليمية وتكفل تحقيق نواتج التعلم في البرنامج. | D77: توصيف البرنامج (يشمل استراتيجيات التعليم والتعلم وطرق تقويم نواتج التعلم للبرنامج) معتمد من مجلس القسم والكلية. | E77: ='الخطة واللجنة'!$B$24 -> عضو 6 | H77: =IF(OR(F77="",F77="متوفر ومكتمل"),"",IF(OR(C77="★",F77="غير متوفر"),"عالية","متوسطة"))
A78: 5-1-2 | D78: نماذج من تقارير المقررات والبرنامج تظهر الخطط التطويرية بها والمبنية على نتائج تقييم تحقق نواتج التعلم. | E78: ='الخطة واللجنة'!$B$24 -> عضو 6 | H78: =IF(OR(F78="",F78="متوفر ومكتمل"),"",IF(OR(C78="★",F78="غير متوفر"),"عالية","متوسطة"))
A79: 5-1-2 | D79: الدورات التدريبية المقدمة لأعضاء هيئة التدريس حول استراتيجيات التدريس وأساليب التقويم. | E79: ='الخطة واللجنة'!$B$24 -> عضو 6 | H79: =IF(OR(F79="",F79="متوفر ومكتمل"),"",IF(OR(C79="★",F79="غير متوفر"),"عالية","متوسطة"))
A80: 5-1-2 | D80: استطلاع رأي الطلاب حول استراتيجيات التعليم والتعلم وأساليب التقييم. | E80: ='الخطة واللجنة'!$B$24 -> عضو 6 | H80: =IF(OR(F80="",F80="متوفر ومكتمل"),"",IF(OR(C80="★",F80="غير متوفر"),"عالية","متوسطة"))
A81: 1-2-2 | B81: يراعي المنهج الدراسي تحقيق أهداف البرنامج ونواتجه التعليمية والتطورات العلمية والتقنية والمهنية في مجال التخصص، ويُراجع بصورة دورية. | C81: ★ | D81: الدليل الإجرائي لاستحداث وتطوير البرامج والخطط الدراسية. | E81: ='الخطة واللجنة'!$B$24 -> عضو 6 | H81: =IF(OR(F81="",F81="متوفر ومكتمل"),"",IF(OR(C81="★",F81="غير متوفر"),"عالية","متوسطة"))
A82: 1-2-2 | C82: ★ | D82: توصيف البرنامج (يشمل مصفوفة الربط بين كل من نواتج تعلم البرنامج والمقررات) معتمد من مجلس القسم والكلية. | E82: ='الخطة واللجنة'!$B$24 -> عضو 6 | H82: =IF(OR(F82="",F82="متوفر ومكتمل"),"",IF(OR(C82="★",F82="غير متوفر"),"عالية","متوسطة"))
A83: 1-2-2 | C83: ★ | D83: توصيفات المقررات موضحاً بها أحدث الكتب والمراجع المقررة في مجال التخصص. | E83: ='الخطة واللجنة'!$B$24 -> عضو 6 | H83: =IF(OR(F83="",F83="متوفر ومكتمل"),"",IF(OR(C83="★",F83="غير متوفر"),"عالية","متوسطة"))
A84: 1-2-2 | C84: ★ | D84: محاضر اجتماع اللجنة الاستشارية واللجان المعنية ومجلس القسم التي ناقشت تطوير الخطة الدراسية. | E84: ='الخطة واللجنة'!$B$24 -> عضو 6 | H84: =IF(OR(F84="",F84="متوفر ومكتمل"),"",IF(OR(C84="★",F84="غير متوفر"),"عالية","متوسطة"))
A85: 1-2-2 | C85: ★ | D85: استطلاعات رأي الخريجين وأرباب العمل حول مواكبة نواتج تعلم البرنامج للتطورات العلمية والتقنية والمهنية. | E85: ='الخطة واللجنة'!$B$24 -> عضو 6 | H85: =IF(OR(F85="",F85="متوفر ومكتمل"),"",IF(OR(C85="★",F85="غير متوفر"),"عالية","متوسطة"))
A86: 1-2-2 | C86: ★ | D86: نماذج من محاضر مراجعة توصيف البرنامج وتوصيف المقررات متضمنة التطورات التي تم إقرارها. | E86: ='الخطة واللجنة'!$B$24 -> عضو 6 | H86: =IF(OR(F86="",F86="متوفر ومكتمل"),"",IF(OR(C86="★",F86="غير متوفر"),"عالية","متوسطة"))
A87: 2-2-2 | B87: تحقق الخطة الدراسية التوازن بين المتطلبات العامة ومتطلبات التخصص، وبين الجوانب النظرية والتطبيقية، كما تراعي التتابع والتكامل بين المقررات الدراسية. | C87: ★ | D87: مصفوفة التوازن بين المتطلبات العامة (الكلية) ومتطلبات التخصص في الخطة الدراسية للبرنامج. | E87: ='الخطة واللجنة'!$B$24 -> عضو 6 | H87: =IF(OR(F87="",F87="متوفر ومكتمل"),"",IF(OR(C87="★",F87="غير متوفر"),"عالية","متوسطة"))
A88: 2-2-2 | C88: ★ | D88: مصفوفة التوازن بين الجوانب النظرية والتطبيقية في الخطة الدراسية للبرنامج وفق المقارنة المرجعية الخارجية. | E88: ='الخطة واللجنة'!$B$24 -> عضو 6 | H88: =IF(OR(F88="",F88="متوفر ومكتمل"),"",IF(OR(C88="★",F88="غير متوفر"),"عالية","متوسطة"))
A89: 2-2-2 | C89: ★ | D89: محاضر اجتماع اللجنة الاستشارية واللجان المعنية ومجلس القسم التي ناقشت تطوير الخطة الدراسية. | E89: ='الخطة واللجنة'!$B$24 -> عضو 6 | H89: =IF(OR(F89="",F89="متوفر ومكتمل"),"",IF(OR(C89="★",F89="غير متوفر"),"عالية","متوسطة"))
A90: 2-2-2 | C90: ★ | D90: تقييم مراجع مستقل حول التوازن والتتابع والتكامل في الخطة الدراسية للبرنامج. | E90: ='الخطة واللجنة'!$B$24 -> عضو 6 | H90: =IF(OR(F90="",F90="متوفر ومكتمل"),"",IF(OR(C90="★",F90="غير متوفر"),"عالية","متوسطة"))
A91: 3-2-2 | B91: يراعى في بناء الخطة الدراسية للبرنامج تحديد متطلبات نقاط الخروج (إن وجدت) طبقاً للممارسات العالمية والبرامج المناظرة. | D91: تقرير مختصر معتمد يوضح نسب التوازن بين الجوانب النظرية والتطبيقية في خطة البرنامج. | E91: ='الخطة واللجنة'!$B$24 -> عضو 6 | H91: =IF(OR(F91="",F91="متوفر ومكتمل"),"",IF(OR(C91="★",F91="غير متوفر"),"عالية","متوسطة"))
A92: 3-2-2 | D92: دليل البرنامج موضحاً به مسارات البرنامج ونقاط التخرج. | E92: ='الخطة واللجنة'!$B$24 -> عضو 6 | H92: =IF(OR(F92="",F92="متوفر ومكتمل"),"",IF(OR(C92="★",F92="غير متوفر"),"عالية","متوسطة"))
A93: 3-2-2 | D93: المقارنات المرجعية التي تم الاستناد عليها في بناء نقاط الخروج. | E93: ='الخطة واللجنة'!$B$24 -> عضو 6 | H93: =IF(OR(F93="",F93="متوفر ومكتمل"),"",IF(OR(C93="★",F93="غير متوفر"),"عالية","متوسطة"))
A94: 3-2-2 | D94: توصيف البرنامج موضحاً به نقاط الخروج (إن وجدت). | E94: ='الخطة واللجنة'!$B$24 -> عضو 6 | H94: =IF(OR(F94="",F94="متوفر ومكتمل"),"",IF(OR(C94="★",F94="غير متوفر"),"عالية","متوسطة"))
A95: 4-2-2 | B95: ترتبط نواتج التعلم بالمقررات بنواتج التعلم بالبرنامج (مصفوفة توزيع نواتج تعلم البرنامج على المقررات). | D95: توصيف البرنامج (يشمل مصفوفة الربط بين كل من نواتج تعلم البرنامج والمقررات) معتمد من مجلس القسم والكلية. | E95: ='الخطة واللجنة'!$B$24 -> عضو 6 | H95: =IF(OR(F95="",F95="متوفر ومكتمل"),"",IF(OR(C95="★",F95="غير متوفر"),"عالية","متوسطة"))
A96: 4-2-2 | D96: توصيف الخبرة الميدانية (إن وجد). | E96: ='الخطة واللجنة'!$B$24 -> عضو 6 | H96: =IF(OR(F96="",F96="متوفر ومكتمل"),"",IF(OR(C96="★",F96="غير متوفر"),"عالية","متوسطة"))
A97: 4-2-2 | D97: دليل التدريب الميداني/التعاوني (إن وجد). | E97: ='الخطة واللجنة'!$B$24 -> عضو 6 | H97: =IF(OR(F97="",F97="متوفر ومكتمل"),"",IF(OR(C97="★",F97="غير متوفر"),"عالية","متوسطة"))
A98: 4-2-2 | D98: توصيف البرنامج المعتمد (جزئية استراتيجيات التدريس وطرق التقويم) مع آراء المحكمين له (إن وجدت) حول توافق ومناسبة استراتيجيات التعليم والتعلم وطرق التقييم. | E98: ='الخطة واللجنة'!$B$24 -> عضو 6 | H98: =IF(OR(F98="",F98="متوفر ومكتمل"),"",IF(OR(C98="★",F98="غير متوفر"),"عالية","متوسطة"))
A99: 5-2-2 | B99: تتنوع استراتيجيات التعليم والتعلم وطرق التقييم في البرنامج بما يتناسب مع طبيعته ومستواه وتتوافق مع نواتج التعلم المستهدفة على مستوى البرنامج والمقررات. | D99: نماذج من محاضر اللجان الاستشارية التي ناقشت توافق ومناسبة استراتيجيات التعليم والتعلم وطرق التقييم. | E99: ='الخطة واللجنة'!$B$24 -> عضو 6 | H99: =IF(OR(F99="",F99="متوفر ومكتمل"),"",IF(OR(C99="★",F99="غير متوفر"),"عالية","متوسطة"))
A100: 5-2-2 | D100: تقرير استطلاع رأي الطلبة والخريجين حول استراتيجيات التعليم والتعلم وطرق التقييم. | E100: ='الخطة واللجنة'!$B$24 -> عضو 6 | H100: =IF(OR(F100="",F100="متوفر ومكتمل"),"",IF(OR(C100="★",F100="غير متوفر"),"عالية","متوسطة"))
...
